event,wall_time_s,env_step,episode,epsilon,buffer_size,train_steps,mean_loss,loss_n_finite,loss_n_total,win_rate_pct,mean_return,mean_ep_len,mean_max_tile,best_max_tile
env_step,58.960193182999774,2010000,45,0.010000000000000009,10000,2007874,2.0435154271423817,2000,2000,,,,,
episode,66.50589796299982,2011290,50,0.010000000000000009,11290,2009164,2.0145117947161197,2000,2000,0.0,519.4170018624606,225.8,212.48,512
env_step,117.91531794999992,2020000,79,0.010000000000000009,20000,2017874,1.8319543693065643,2000,2000,,,,,
episode,154.00952780599982,2026053,100,0.010000000000000009,26053,2023927,2.0540113404393194,2000,2000,0.0,697.0139383835772,295.26,314.88,512
env_step,177.29392297699997,2030000,113,0.010000000000000009,30000,2027874,1.971744806408882,2000,2000,,,,,
env_step,236.94890603099975,2040000,143,0.010000000000000009,40000,2037874,1.958789269000292,2000,2000,,,,,
episode,248.1955670139996,2041875,150,0.010000000000000009,41875,2039749,1.8990592046380044,2000,2000,0.0,750.4010497276165,316.44,320.0,512
env_step,297.21329789699985,2050000,179,0.010000000000000009,50000,2047874,2.0474090068638326,2000,2000,,,,,
episode,340.1897958229997,2057086,200,0.010000000000000009,57086,2054960,2.093589418143034,2000,2000,0.0,722.8743722746383,304.22,307.2,1024
env_step,358.1175287819997,2060000,211,0.010000000000000009,60000,2057874,2.0447720849514006,2000,2000,,,,,
env_step,420.1492373829997,2070000,241,0.010000000000000009,70000,2067874,2.1493581122756003,2000,2000,,,,,
episode,441.45107839799994,2073399,250,0.010000000000000009,73399,2071273,2.2414613389372824,2000,2000,0.0,779.0128846560641,326.26,339.84,1024
env_step,482.984489855,2080000,273,0.010000000000000009,80000,2077874,2.2724893896281717,2000,2000,,,,,
episode,540.327574505,2089136,300,0.010000000000000009,89136,2087010,2.3307782663702965,2000,2000,0.0,746.9479982604051,314.74,318.72,1024
env_step,545.7823227469999,2090000,301,0.010000000000000009,90000,2087874,2.2984470000565054,2000,2000,,,,,
env_step,609.824104543,2100000,327,0.010000000000000009,100000,2097874,2.1731860926151274,2000,2000,,,,,
episode,658.114269785,2107422,350,0.010000000000000009,100000,2105296,2.1614140227437018,2000,2000,0.0,881.0012604239706,365.72,417.28,1024
env_step,674.8615023059997,2110000,355,0.010000000000000009,100000,2107874,2.1344130362868308,2000,2000,,,,,
env_step,738.4950441820001,2120000,391,0.010000000000000009,100000,2117874,2.032698557972908,2000,2000,,,,,
episode,754.5093351650003,2122493,400,0.010000000000000009,100000,2120367,2.1051531497836113,2000,2000,0.0,714.4058812937261,301.42,311.04,1024
env_step,802.7030479799996,2130000,424,0.010000000000000009,100000,2127874,2.0030823832154274,2000,2000,,,,,
episode,860.2085253320001,2138883,450,0.010000000000000009,100000,2136757,1.957083810955286,2000,2000,0.0,782.0484530722628,327.8,384.0,1024
env_step,867.4053594449997,2140000,454,0.010000000000000009,100000,2137874,1.9815518846809863,2000,2000,,,,,
env_step,932.6966052299995,2150000,482,0.010000000000000009,100000,2147874,2.0506790980100633,2000,2000,,,,,
episode,968.7995159120001,2155453,500,0.010000000000000009,100000,2153327,1.9496254899501801,2000,2000,0.0,791.237389030871,331.4,337.92,1024
env_step,998.8812292570001,2160000,512,0.010000000000000009,100000,2157874,1.9322140861451627,2000,2000,,,,,
env_step,1065.068639696,2170000,541,0.010000000000000009,100000,2167874,1.8878038337230683,2000,2000,,,,,
episode,1082.3893387179996,2172618,550,0.010000000000000009,100000,2170492,1.8436518146395684,2000,2000,0.0,821.4426709469382,343.3,363.52,1024
env_step,1131.1436330830002,2180000,569,0.010000000000000009,100000,2177874,1.7827668517827988,2000,2000,,,,,
env_step,1197.2550131569997,2190000,595,0.010000000000000009,100000,2187874,1.6751965543031693,2000,2000,,,,,
episode,1206.952150948,2191466,600,0.010000000000000009,100000,2189340,1.65281011146307,2000,2000,0.0,908.3492106601839,376.96,409.6,1024
env_step,1263.7288382699999,2200000,622,0.010000000000000009,100000,2197874,1.57758958157897,2000,2000,,,,,
env_step,59.93857832999947,2210000,36,0.010000000000000009,10000,2207747,1.3253978792726993,2000,2000,,,,,
episode,80.51208727899939,2213417,50,0.010000000000000009,13417,2211164,1.3118741084486245,2000,2000,0.0,628.1615928974345,268.34,284.48,512
env_step,121.54841169799965,2220000,77,0.010000000000000009,20000,2217747,1.4220272494256496,2000,2000,,,,,
episode,155.90378676299952,2225605,100,0.010000000000000009,25605,2223352,1.5434488080739974,2000,2000,0.0,568.1007760310978,243.76,247.04,1024
env_step,182.7180097269993,2230000,116,0.010000000000000009,30000,2227747,1.5578182508200407,2000,2000,,,,,
env_step,244.1768715929993,2240000,148,0.010000000000000009,40000,2237747,1.6070807282030581,2000,2000,,,,,
episode,248.16220038099982,2240647,150,0.010000000000000009,40647,2238394,1.6316468071490526,2000,2000,0.0,714.409072257915,300.84,298.24,512
env_step,306.26262138699985,2250000,182,0.010000000000000009,50000,2247747,1.6363855590373277,2000,2000,,,,,
episode,334.3039745369997,2254495,200,0.010000000000000009,54495,2252242,1.639431733250618,2000,2000,0.0,654.9773825172177,276.96,274.56,512
env_step,369.1205125309998,2260000,213,0.010000000000000009,60000,2257747,1.6468243030905723,2000,2000,,,,,
episode,427.6939113819999,2269207,250,0.010000000000000009,69207,2266954,1.6026667688041925,2000,2000,0.0,697.3416724789176,294.24,273.28,512
env_step,432.862066742,2270000,252,0.010000000000000009,70000,2267747,1.6354898664802313,2000,2000,,,,,
env_step,498.12150323699916,2280000,291,0.010000000000000009,80000,2277747,1.8144945531785488,2000,2000,,,,,
episode,518.34448178,2283071,300,0.010000000000000009,83071,2280818,1.8191152434498072,2000,2000,0.0,652.7728394760409,277.28,266.24,1024
env_step,564.2948311699993,2290000,319,0.010000000000000009,90000,2287747,1.7761642928868533,2000,2000,,,,,
env_step,630.7455356539995,2300000,349,0.010000000000000009,100000,2297747,1.8216109168827535,2000,2000,,,,,
episode,632.6360443969998,2300283,350,0.010000000000000009,100000,2298030,1.8342734777331353,2000,2000,0.0,827.9744528327756,344.24,359.68,1024
env_step,697.4406199139994,2310000,376,0.010000000000000009,100000,2307747,1.821726767808199,2000,2000,,,,,
episode,759.6471874589997,2319422,400,0.010000000000000009,100000,2317169,1.81011097240448,2000,2000,0.0,928.1932278256804,382.78,408.32,1024
env_step,763.4716398299997,2320000,402,0.010000000000000009,100000,2317747,1.8399249655902385,2000,2000,,,,,
env_step,829.8813122329993,2330000,431,0.010000000000000009,100000,2327747,1.7184564549326897,2000,2000,,,,,
episode,864.7616388039996,2335218,450,0.010000000000000009,100000,2332965,1.7129358600080014,2000,2000,0.0,757.4731782356114,315.92,321.28,1024
env_step,896.7873689069993,2340000,470,0.010000000000000009,100000,2337747,1.69842332136631,2000,2000,,,,,
episode,958.2350673269993,2349209,500,0.010000000000000009,100000,2346956,1.7250749456882477,2000,2000,0.0,666.4555604211299,279.82,291.84,1024
env_step,963.5411414109994,2350000,501,0.010000000000000009,100000,2347747,1.7535492812693119,2000,2000,,,,,
env_step,1030.0373518959996,2360000,528,0.010000000000000009,100000,2357747,1.7217103614211082,2000,2000,,,,,
episode,1078.9903147549994,2367387,550,0.010000000000000009,100000,2365134,1.7545733097195626,2000,2000,0.0,879.7318398254205,363.56,350.08,1024
env_step,1096.3018741529995,2370000,559,0.010000000000000009,100000,2367747,1.8298942546248436,2000,2000,,,,,
env_step,1163.1445135019994,2380000,586,0.010000000000000009,100000,2377747,1.7377755702733995,2000,2000,,,,,
episode,1184.4310341609998,2383199,600,0.010000000000000009,100000,2380946,1.638740525111556,2000,2000,0.0,757.7373562252671,316.24,312.96,512
env_step,1229.5892014299998,2390000,619,0.010000000000000009,100000,2387747,1.640205291748047,2000,2000,,,,,
episode,1295.935579776,2399950,650,0.010000000000000009,100000,2397697,1.5325866534262895,2000,2000,0.0,807.3095180588517,335.02,346.88,1024
env_step,1296.274971979,2400000,650,0.010000000000000009,100000,2397747,1.5312704835832118,2000,2000,,,,,
env_step,1363.5361603779993,2410000,681,0.010000000000000009,100000,2407747,1.5896445994079114,2000,2000,,,,,
episode,1407.3973818159993,2416558,700,0.010000000000000009,100000,2414305,1.6249597128629685,2000,2000,0.0,799.8455214833608,332.16,352.0,1024
env_step,1430.4828965259994,2420000,710,0.010000000000000009,100000,2417747,1.5761937659829854,2000,2000,,,,,
env_step,1497.1320045869998,2430000,741,0.010000000000000009,100000,2427747,1.560525767341256,2000,2000,,,,,
episode,1520.5263576649995,2433538,750,0.010000000000000009,100000,2431285,1.5155811165720225,2000,2000,0.0,815.8490229207072,339.6,339.84,1024
env_step,1563.845323816,2440000,765,0.010000000000000009,100000,2437747,1.4395670167654753,2000,2000,,,,,
env_step,1630.8269684759998,2450000,794,0.010000000000000009,100000,2447747,1.4695244397073983,2000,2000,,,,,
episode,1639.2057284489993,2451227,800,0.010000000000000009,100000,2448974,1.4444781360924244,2000,2000,0.0,858.8030845684008,353.78,345.6,1024
env_step,1698.6564993449992,2460000,822,0.010000000000000009,100000,2457747,1.5065506399124862,2000,2000,,,,,
env_step,1765.8686026769992,2470000,848,0.010000000000000009,100000,2467747,1.4562660268098115,2000,2000,,,,,
episode,1767.9428994799991,2470307,850,0.010000000000000009,100000,2468054,1.438651814222336,2000,2000,0.0,927.8525487792706,381.6,412.16,1024
env_step,1833.8006113249994,2480000,875,0.010000000000000009,100000,2477747,1.4398076356649399,2000,2000,,,,,
episode,1892.0021504499991,2488696,900,0.010000000000000009,100000,2486443,1.4612886577099562,2000,2000,0.0,892.7307366643336,367.78,372.48,1024
env_step,1900.6752182799992,2490000,904,0.010000000000000009,100000,2487747,1.4503576204776765,2000,2000,,,,,
env_step,1967.8946207589997,2500000,932,0.010000000000000009,100000,2497747,1.4093045681267977,2000,2000,,,,,
episode,2004.7769047459997,2505459,950,0.010000000000000009,100000,2503206,1.4070956835448742,2000,2000,0.0,810.8096637185698,335.26,339.2,1024
env_step,2035.3505930389992,2510000,963,0.010000000000000009,100000,2507747,1.3799602358043195,2000,2000,,,,,
env_step,2102.520042405,2520000,993,0.010000000000000009,100000,2517747,1.3912408980876207,2000,2000,,,,,
episode,2115.551173772,2521924,1000,0.010000000000000009,100000,2519671,1.4120143058300019,2000,2000,0.0,793.3122768630624,329.3,362.24,1024
env_step,2169.913273245,2530000,1025,0.010000000000000009,100000,2527747,1.3896445129066706,2000,2000,,,,,
episode,2224.752358017,2538162,1050,0.010000000000000009,100000,2535909,1.3802754171043634,2000,2000,0.0,782.0391213765641,324.76,331.52,512
env_step,2237.0764635119995,2540000,1056,0.010000000000000009,100000,2537747,1.3718367566913365,2000,2000,,,,,
env_step,2303.794239887,2550000,1082,0.010000000000000009,100000,2547747,1.3037175598591566,2000,2000,,,,,
episode,2337.7109882289997,2555074,1100,0.010000000000000009,100000,2552821,1.2931198358237743,2000,2000,0.0,819.4405895063444,338.24,353.28,1024
env_step,2370.2914506509996,2560000,1115,0.010000000000000009,100000,2557747,1.2782616735994816,2000,2000,,,,,
env_step,2435.5226264959992,2570000,1147,0.010000000000000009,100000,2567747,1.3957834644913674,2000,2000,,,,,
episode,2443.2162894659996,2571174,1150,0.010000000000000009,100000,2568921,1.3654592636972667,2000,2000,0.0,773.8733080779238,322.0,356.48,1024
env_step,2501.1639632549995,2580000,1180,0.010000000000000009,100000,2577747,1.4034109595566988,2000,2000,,,,,
episode,2546.5933447929992,2586999,1200,0.010000000000000009,100000,2584746,1.3789319997131824,2000,2000,0.0,764.3150608785811,316.5,313.6,1024
env_step,2566.180069208999,2590000,1208,0.010000000000000009,100000,2587747,1.3241135433614255,2000,2000,,,,,
env_step,2631.0995074949997,2600000,1233,0.010000000000000009,100000,2597747,1.3427357215583324,2000,2000,,,,,
episode,2662.055712584999,2604757,1250,0.010000000000000009,100000,2602504,1.31751113063097,2000,2000,0.0,856.8843445874969,355.16,354.56,1024
env_step,2696.1388411459993,2610000,1265,0.010000000000000009,100000,2607747,1.2555521702095866,2000,2000,,,,,
episode,2754.9257270199996,2619054,1300,0.010000000000000009,100000,2616801,1.274318998336792,2000,2000,0.0,681.4933691834818,285.94,284.16,1024
env_step,2761.0959800969995,2620000,1302,0.010000000000000009,100000,2617747,1.2575423645079136,2000,2000,,,,,
env_step,2825.901553651999,2630000,1335,0.010000000000000009,100000,2627747,1.328004700757563,2000,2000,,,,,
episode,2855.1681558299997,2634512,1350,0.010000000000000009,100000,2632259,1.3750004674047231,2000,2000,0.0,744.7455294870056,309.16,337.92,1024
env_step,2890.86022908,2640000,1369,0.010000000000000009,100000,2637747,1.3353182913511992,2000,2000,,,,,
env_step,2956.291525015,2650000,1395,0.010000000000000009,100000,2647747,1.3552175296396016,2000,2000,,,,,
episode,2968.4633416019997,2651855,1400,0.010000000000000009,100000,2649602,1.3827858608812094,2000,2000,0.0,842.438502570806,346.86,396.8,1024
env_step,3021.999337108,2660000,1422,0.010000000000000009,100000,2657747,1.3172974897176026,2000,2000,,,,,
episode,3073.9089117329995,2667912,1450,0.010000000000000009,100000,2665659,1.3739108484759928,2000,2000,0.0,771.8245288726542,321.14,327.68,1024
env_step,3087.565282732,2670000,1456,0.010000000000000009,100000,2667747,1.3933758048266172,2000,2000,,,,,
env_step,3152.9636873659992,2680000,1489,0.010000000000000009,100000,2677747,1.424662220582366,2000,2000,,,,,
episode,3178.794038817,2683940,1500,0.010000000000000009,100000,2681687,1.4880437972843648,2000,2000,0.0,771.7581864899792,320.56,329.6,1024
env_step,3218.508170969999,2690000,1516,0.010000000000000009,100000,2687747,1.5298473250716924,2000,2000,,,,,
env_step,3284.1933849199995,2700000,1547,0.010000000000000009,100000,2697747,1.5385657428652049,2000,2000,,,,,
env_step,58.44479361699996,2710000,38,0.010000000000000009,10000,2707620,1.4436023101508617,2000,2000,,,,,
episode,75.86310039400087,2712971,50,0.010000000000000009,12971,2710591,1.509640304595232,2000,2000,0.0,609.4700897733824,259.42,262.4,1024
env_step,117.38842451700111,2720000,73,0.010000000000000009,20000,2717620,1.5580569956451655,2000,2000,,,,,
episode,161.35120941599962,2727404,100,0.010000000000000009,27404,2725024,1.5291333582997322,2000,2000,0.0,689.2524556016837,288.66,275.2,512
env_step,176.87427845800084,2730000,109,0.010000000000000009,30000,2727620,1.5522897745221853,2000,2000,,,,,
env_step,236.82669313500082,2740000,149,0.010000000000000009,40000,2737620,1.8103704770505429,2000,2000,,,,,
episode,237.70756455300034,2740147,150,0.010000000000000009,40147,2737767,1.8032817425876855,2000,2000,0.0,596.3805494474997,254.86,257.28,512
env_step,297.18100560200037,2750000,186,0.010000000000000009,50000,2747620,2.1934109025597572,2000,2000,,,,,
episode,317.95754941700034,2753434,200,0.010000000000000009,53434,2751054,2.138443735063076,2000,2000,0.0,626.0739495904184,265.74,252.16,512
env_step,358.19401461599955,2760000,221,0.010000000000000009,60000,2757620,2.1557384303510188,2000,2000,,,,,
episode,404.8315790880006,2767554,250,0.010000000000000009,67554,2765174,2.1969368557631967,2000,2000,0.0,669.3370730119965,282.4,272.0,512
env_step,419.91729458900045,2770000,259,0.010000000000000009,70000,2767620,2.284964833974838,2000,2000,,,,,
episode,481.5485627620001,2779863,300,0.010000000000000009,79863,2777483,2.1214466820657254,2000,2000,0.0,574.8497475823979,246.18,244.16,512
env_step,482.40914224600056,2780000,300,0.010000000000000009,80000,2777620,2.1211202405393124,2000,2000,,,,,
env_step,545.509218344001,2790000,336,0.010000000000000009,90000,2787620,2.1954259931147098,2000,2000,,,,,
episode,569.5561162530012,2793775,350,0.010000000000000009,93775,2791395,2.2658208063542844,2000,2000,0.0,657.9840475026581,278.24,269.12,512
env_step,609.4155097130006,2800000,371,0.010000000000000009,100000,2797620,2.227520813882351,2000,2000,,,,,
episode,658.4716217090008,2807600,400,0.010000000000000009,100000,2805220,2.255967640697956,2000,2000,0.0,657.875170804467,276.5,280.96,1024
env_step,673.8758975350011,2810000,407,0.010000000000000009,100000,2807620,2.1862503785789014,2000,2000,,,,,
env_step,737.8468942399995,2820000,439,0.010000000000000009,100000,2817620,2.1547097901403904,2000,2000,,,,,
episode,760.0336826370003,2823459,450,0.010000000000000009,100000,2821079,2.164010193169117,2000,2000,0.0,759.584845076221,317.18,327.04,1024
env_step,802.0051714670008,2830000,470,0.010000000000000009,100000,2827620,2.114816245675087,2000,2000,,,,,
episode,857.519661843,2838663,500,0.010000000000000009,100000,2836283,2.062845899105072,2000,2000,0.0,728.6489451256045,304.08,307.2,512
env_step,866.0876673309995,2840000,504,0.010000000000000009,100000,2837620,2.0796989669799806,2000,2000,,,,,
env_step,930.0469139440011,2850000,535,0.010000000000000009,100000,2847620,2.0339621773362158,2000,2000,,,,,
episode,961.7973800039999,2854926,550,0.010000000000000009,100000,2852546,1.961917096287012,2000,2000,0.0,779.4870737236196,325.26,335.36,1024
env_step,994.3146426479998,2860000,565,0.010000000000000009,100000,2857620,1.9336995653510094,2000,2000,,,,,
env_step,1058.2886928299995,2870000,595,0.010000000000000009,100000,2867620,1.7987156572043896,2000,2000,,,,,
episode,1069.2816108210009,2871713,600,0.010000000000000009,100000,2869333,1.8320371725708247,2000,2000,0.0,810.2973230952025,335.74,350.08,1024
env_step,1122.5113338259998,2880000,625,0.010000000000000009,100000,2877620,1.762823556214571,2000,2000,,,,,
episode,1168.6024423889994,2887200,650,0.010000000000000009,100000,2884820,1.6651833181083202,2000,2000,0.0,740.1105828829443,309.74,316.16,512
env_step,1186.5531616930002,2890000,657,0.010000000000000009,100000,2887620,1.6775155072361232,2000,2000,,,,,
env_step,1250.3017941750004,2900000,688,0.010000000000000009,100000,2897620,1.66144389693439,2000,2000,,,,,
episode,1273.0059066890008,2903565,700,0.010000000000000009,100000,2901185,1.6265841579139233,2000,2000,0.0,789.0923147408299,327.3,337.92,1024
env_step,1314.062010349,2910000,717,0.010000000000000009,100000,2907620,1.6635110373347997,2000,2000,,,,,
env_step,1379.4049092690002,2920000,745,0.010000000000000009,100000,2917620,1.6547805760204792,2000,2000,,,,,
episode,1389.1966445220005,2921516,750,0.010000000000000009,100000,2919136,1.582132263928652,2000,2000,0.0,870.0700967090465,359.02,375.04,1024
env_step,1444.6394318849998,2930000,776,0.010000000000000009,100000,2927620,1.6113808656334876,2000,2000,,,,,
episode,1497.6910351679999,2938116,800,0.010000000000000009,100000,2935736,1.5794509616196155,2000,2000,0.0,801.1522607911218,332.0,345.6,1024
env_step,1509.865898,2940000,805,0.010000000000000009,100000,2937620,1.543854538500309,2000,2000,,,,,
env_step,1574.926515999001,2950000,836,0.010000000000000009,100000,2947620,1.5798654227107762,2000,2000,,,,,
episode,1603.5104119240004,2954384,850,0.010000000000000009,100000,2952004,1.5505242272913455,2000,2000,0.0,783.7521089123577,325.36,337.92,1024
env_step,1639.9915990730005,2960000,865,0.010000000000000009,100000,2957620,1.5768908405900002,2000,2000,,,,,
env_step,1705.327666219,2970000,895,0.010000000000000009,100000,2967620,1.491332811743021,2000,2000,,,,,
episode,1716.4393975540006,2971694,900,0.010000000000000009,100000,2969314,1.5135551432967187,2000,2000,0.0,834.5135100553038,346.2,348.16,512
env_step,1770.7141296989994,2980000,928,0.010000000000000009,100000,2977620,1.4890625506937505,2000,2000,,,,,
episode,1821.5998504519994,2987780,950,0.010000000000000009,100000,2985400,1.424155788615346,2000,2000,0.0,775.8208227890307,321.72,318.72,1024
env_step,1836.170799847001,2990000,957,0.010000000000000009,100000,2987620,1.3960812846273183,2000,2000,,,,,
env_step,1902.1874132150006,3000000,984,0.010000000000000009,100000,2997620,1.4274495495706796,2000,2000,,,,,
episode,1940.1417434650011,3005804,1000,0.010000000000000009,100000,3003424,1.4176305036991834,2000,2000,0.0,874.6240804983722,360.48,376.32,1024
env_step,1967.021254358,3010000,1012,0.010000000000000009,100000,3007620,1.424395161524415,2000,2000,,,,,
env_step,2032.0112209990002,3020000,1041,0.010000000000000009,100000,3017620,1.3380647623687982,2000,2000,,,,,
episode,2050.3446278209994,3022815,1050,0.010000000000000009,100000,3020435,1.3441737007200718,2000,2000,0.0,821.7799320340786,340.22,353.28,1024
env_step,2096.9448239209996,3030000,1074,0.010000000000000009,100000,3027620,1.342061046987772,2000,2000,,,,,
episode,2154.671840551,3038884,1100,0.010000000000000009,100000,3036504,1.3453909955322743,2000,2000,0.0,773.7426004699827,321.38,324.48,1024
env_step,2161.782057966,3040000,1103,0.010000000000000009,100000,3037620,1.3229921994954348,2000,2000,,,,,
env_step,2226.050874449,3050000,1130,0.010000000000000009,100000,3047620,1.3936661591529846,2000,2000,,,,,
episode,2267.3903723780004,3056508,1150,0.010000000000000009,100000,3054128,1.3442267308980227,2000,2000,0.0,853.1528005336462,352.48,354.56,1024
env_step,2289.6975869670005,3060000,1165,0.010000000000000009,100000,3057620,1.3363682086318731,2000,2000,,,,,
env_step,2353.2658326189994,3070000,1199,0.010000000000000009,100000,3067620,1.2925795204490422,2000,2000,,,,,
episode,2353.3600704689998,3070014,1200,0.010000000000000009,100000,3067634,1.2895964802503586,2000,2000,0.0,640.6252928218877,270.12,275.84,512
env_step,2417.0139012969994,3080000,1229,0.010000000000000009,100000,3077620,1.3814615193754434,2000,2000,,,,,
episode,2464.5538200789997,3087489,1250,0.010000000000000009,100000,3085109,1.357251904323697,2000,2000,0.0,843.4107368276132,349.5,373.76,1024
env_step,2480.534415282,3090000,1257,0.010000000000000009,100000,3087620,1.3998471619933843,2000,2000,,,,,
env_step,2545.300486332,3100000,1285,0.010000000000000009,100000,3097620,1.4130146601200104,2000,2000,,,,,
episode,2578.390366857,3105065,1300,0.010000000000000009,100000,3102685,1.3823904157727958,2000,2000,0.0,854.4457944125569,351.52,362.24,1024
env_step,2611.1152849619994,3110000,1312,0.010000000000000009,100000,3107620,1.3876507979482413,2000,2000,,,,,
env_step,2676.6862483530003,3120000,1346,0.010000000000000009,100000,3117620,1.3837818758934737,2000,2000,,,,,
episode,2685.955467928001,3121411,1350,0.010000000000000009,100000,3119031,1.3841003777384757,2000,2000,0.0,789.7771587167607,326.92,342.4,1024
env_step,2742.3715745070003,3130000,1372,0.010000000000000009,100000,3127620,1.4577417577058076,2000,2000,,,,,
episode,2802.203005458001,3139088,1400,0.010000000000000009,100000,3136708,1.4920011655539274,2000,2000,0.0,859.0179739919737,353.54,386.56,1024
env_step,2808.024194631,3140000,1401,0.010000000000000009,100000,3137620,1.4933590799421073,2000,2000,,,,,
env_step,2872.903476749001,3150000,1429,0.010000000000000009,100000,3147620,1.4363283592164517,2000,2000,,,,,
episode,2922.763878756001,3157743,1450,0.010000000000000009,100000,3155363,1.4441830747425557,2000,2000,0.0,908.2482234318835,373.1,393.6,1024
env_step,2937.270562275,3160000,1456,0.010000000000000009,100000,3157620,1.4080011021643877,2000,2000,,,,,
env_step,3001.956804446001,3170000,1485,0.010000000000000009,100000,3167620,1.459509225308895,2000,2000,,,,,
episode,3036.0026112779997,3175224,1500,0.010000000000000009,100000,3172844,1.397395176678896,2000,2000,0.0,846.3549760064201,349.62,368.0,1024
env_step,3067.0487032229994,3180000,1514,0.010000000000000009,100000,3177620,1.4062760022878646,2000,2000,,,,,
env_step,3131.8021912780005,3190000,1536,0.010000000000000009,100000,3187620,1.5549147441536189,2000,2000,,,,,
episode,3160.769140325001,3194497,1550,0.010000000000000009,100000,3192117,1.4848321738094092,2000,2000,0.0,942.2268627470735,385.46,409.6,1024
env_step,3196.0611466360006,3200000,1564,0.010000000000000009,100000,3197620,1.4210170373767614,2000,2000,,,,,
env_step,3259.7012420499996,3210000,1591,0.010000000000000009,100000,3207620,1.5080597057342529,2000,2000,,,,,
episode,3276.733529268,3212675,1600,0.010000000000000009,100000,3210295,1.5043540942966938,2000,2000,0.0,886.4618218832702,363.56,395.52,1024
env_step,3323.4236605059996,3220000,1618,0.010000000000000009,100000,3217620,1.6128783702105283,2000,2000,,,,,
env_step,3387.9685491050004,3230000,1648,0.010000000000000009,100000,3227620,1.4920983487814665,2000,2000,,,,,
episode,3392.855513132001,3230749,1650,0.010000000000000009,100000,3228369,1.5137373926043511,2000,2000,0.0,881.9955524609134,361.48,398.08,1024
env_step,3452.2954567880006,3240000,1677,0.010000000000000009,100000,3237620,1.522493116736412,2000,2000,,,,,
episode,3503.7700770419997,3247988,1700,0.010000000000000009,100000,3245608,1.4618771332502365,2000,2000,0.0,839.9552279060963,344.78,376.96,1024
env_step,3516.678706320001,3250000,1707,0.010000000000000009,100000,3247620,1.4599100078344345,2000,2000,,,,,
env_step,3580.398092386,3260000,1735,0.010000000000000009,100000,3257620,1.5402051959484815,2000,2000,,,,,
episode,3614.1662033110006,3265304,1750,0.010000000000000009,100000,3262924,1.47671815854311,2000,2000,0.0,844.1141884350483,346.32,354.56,1024
env_step,3643.9960884350003,3270000,1763,0.010000000000000009,100000,3267620,1.5923358028382062,2000,2000,,,,,
env_step,3707.8749161899996,3280000,1788,0.010000000000000009,100000,3277620,1.448462135195732,2000,2000,,,,,
episode,3737.7889715250003,3284681,1800,0.010000000000000009,100000,3282301,1.5286441263705492,2000,2000,0.0,951.9568343709269,387.54,410.88,1024
env_step,3771.9699953960007,3290000,1812,0.010000000000000009,100000,3287620,1.5581473756432533,2000,2000,,,,,
env_step,3836.4004064229994,3300000,1835,0.010000000000000009,100000,3297620,1.4694258497804404,2000,2000,,,,,
episode,3867.0731075679996,3304739,1850,0.010000000000000009,100000,3302359,1.5350098119974136,2000,2000,0.0,985.6215917432273,401.16,412.16,1024
env_step,3901.2250360529997,3310000,1863,0.010000000000000009,100000,3307620,1.546336622849107,2000,2000,,,,,
env_step,3965.9667550039994,3320000,1892,0.010000000000000009,100000,3317620,1.5632703012824058,2000,2000,,,,,
episode,3983.6673626419997,3322731,1900,0.010000000000000009,100000,3320351,1.621938892006874,2000,2000,0.0,875.1701465069949,359.84,396.16,1024
env_step,4030.777137385001,3330000,1918,0.010000000000000009,100000,3327620,1.7338183819800614,2000,2000,,,,,
env_step,4095.6645965019998,3340000,1943,0.010000000000000009,100000,3337620,1.8058773867934943,2000,2000,,,,,
episode,4113.015653930001,3342655,1950,0.010000000000000009,100000,3340275,1.808165792658925,2000,2000,0.0,977.6891459034646,398.48,421.12,1024
env_step,4160.69539275,3350000,1965,0.010000000000000009,100000,3347620,1.8326050562560559,2000,2000,,,,,
env_step,4226.259810658001,3360000,1994,0.010000000000000009,100000,3357620,1.8273790295422077,2000,2000,,,,,
episode,4239.662723018,3362076,2000,0.010000000000000009,100000,3359696,1.899658213853836,2000,2000,0.0,955.1616661286344,388.42,429.44,1024
env_step,4291.3363592099995,3370000,2023,0.010000000000000009,100000,3367620,1.9109767816960812,2000,2000,,,,,
env_step,4356.722558699999,3380000,2046,0.010000000000000009,100000,3377620,1.904276979237795,2000,2000,,,,,
episode,4367.150501425,3381537,2050,0.010000000000000009,100000,3379157,1.9372497348189355,2000,2000,0.0,954.6803125259523,389.22,412.16,1024
env_step,4421.586689497,3390000,2070,0.010000000000000009,100000,3387620,1.8898324258476495,2000,2000,,,,,
env_step,4486.170735947,3400000,2097,0.010000000000000009,100000,3397620,1.856848154038191,2000,2000,,,,,
episode,4493.7231418129995,3401122,2100,0.010000000000000009,100000,3398742,1.824923148304224,2000,2000,0.0,960.5237809585477,391.7,385.28,1024
env_step,4551.501631029001,3410000,2118,0.010000000000000009,100000,3407620,1.9204980299770833,2000,2000,,,,,
env_step,4616.156532172001,3420000,2143,0.010000000000000009,100000,3417620,2.001324970364571,2000,2000,,,,,
episode,4632.563503777001,3422553,2150,0.010000000000000009,100000,3420173,1.9817350199222565,2000,2000,0.0,1055.2663780933028,428.62,476.16,1024
env_step,4680.761607577,3430000,2170,0.010000000000000009,100000,3427620,1.9397837246954441,2000,2000,,,,,
env_step,4745.556871565001,3440000,2197,0.010000000000000009,100000,3437620,1.7468339394032955,2000,2000,,,,,
episode,4751.946800509,3440976,2200,0.010000000000000009,100000,3438596,1.7663492551743984,2000,2000,0.0,899.7078846971331,368.46,413.44,1024
env_step,4810.919834929,3450000,2220,0.010000000000000009,100000,3447620,1.7364675849080087,2000,2000,,,,,
env_step,4877.5032435190005,3460000,2243,0.010000000000000009,100000,3457620,1.6757784450948239,2000,2000,,,,,
episode,4898.396135627001,3463152,2250,0.010000000000000009,100000,3460772,1.5959281527251006,2000,2000,0.0,1099.1937803930662,443.52,460.8,1024
env_step,4943.22463359,3470000,2264,0.010000000000000009,100000,3467620,1.6215390707552433,2000,2000,,,,,
env_step,5008.713829427001,3480000,2291,0.010000000000000009,100000,3477620,1.6239121473431588,2000,2000,,,,,
episode,5034.093964508,3483902,2300,0.010000000000000009,100000,3481522,1.6784050567001105,2000,2000,0.0,1021.3364492204742,415.0,423.68,1024
env_step,5073.929029752,3490000,2313,0.010000000000000009,100000,3487620,1.5999376955479383,2000,2000,,,,,
env_step,5139.410316583,3500000,2336,0.010000000000000009,100000,3497620,1.738250637948513,2000,2000,,,,,
env_step,59.11659429499923,3510000,28,0.010000000000000009,10000,3507493,1.6417071352750063,2000,2000,,,,,
episode,106.12713337700006,3517828,50,0.010000000000000009,17828,3515321,1.6038585239946843,2000,2000,0.0,865.7354107226006,356.56,373.76,1024
env_step,119.20498197099914,3520000,57,0.010000000000000009,20000,3517493,1.5676403529047966,2000,2000,,,,,
env_step,179.34474360400054,3530000,86,0.010000000000000009,30000,3527493,1.7387395315170289,2000,2000,,,,,
episode,208.2282732629992,3534765,100,0.010000000000000009,34765,3532258,1.7288113974928856,2000,2000,0.0,818.4933509551249,338.74,350.72,1024
env_step,240.2402776250001,3540000,111,0.010000000000000009,40000,3537493,1.7321575629115105,2000,2000,,,,,
env_step,302.1628413639992,3550000,140,0.010000000000000009,50000,3547493,1.6535457998514176,2000,2000,,,,,
episode,328.4556062489992,3553991,150,0.010000000000000009,53991,3551484,1.6816237076818943,2000,2000,0.0,942.3368017433032,384.52,422.4,1024
env_step,366.91461199699916,3560000,167,0.010000000000000009,60000,3557493,1.6562270896881819,2000,2000,,,,,
env_step,430.5725627039992,3570000,192,0.010000000000000009,70000,3567493,1.6901313682347536,2000,2000,,,,,
episode,449.48918726900047,3572990,200,0.010000000000000009,72990,3570483,1.743140980452299,2000,2000,0.0,931.7431310139423,379.98,426.24,1024
env_step,494.1091934289998,3580000,220,0.010000000000000009,80000,3577493,1.713125101312995,2000,2000,,,,,
env_step,558.6114871179998,3590000,248,0.010000000000000009,90000,3587493,1.7033596705794334,2000,2000,,,,,
episode,562.7979347479995,3590647,250,0.010000000000000009,90647,3588140,1.7079456203430892,2000,2000,0.0,859.6337932347866,353.14,369.92,1024
env_step,623.4034588499981,3600000,275,0.010000000000000009,100000,3597493,1.6846319904625415,2000,2000,,,,,
episode,684.1746563370016,3609340,300,0.010000000000000009,100000,3606833,1.6977109490931035,2000,2000,0.0,914.2969591375876,373.86,385.28,1024
env_step,688.4640978529987,3610000,301,0.010000000000000009,100000,3607493,1.6984172787070275,2000,2000,,,,,
env_step,754.3196031829993,3620000,328,0.010000000000000009,100000,3617493,1.7625314337909221,2000,2000,,,,,
episode,802.3305244620005,3627302,350,0.010000000000000009,100000,3624795,1.743878445237875,2000,2000,0.0,875.6194824779768,359.24,368.64,512
env_step,820.0783847209987,3630000,356,0.010000000000000009,100000,3627493,1.6963157303780316,2000,2000,,,,,
env_step,885.2721531209991,3640000,381,0.010000000000000009,100000,3637493,1.703053247615695,2000,2000,,,,,
episode,933.0584855430006,3647298,400,0.010000000000000009,100000,3644791,1.748355654373765,2000,2000,0.0,982.4989975281288,399.92,441.6,1024
env_step,950.7237140769994,3650000,407,0.010000000000000009,100000,3647493,1.7014058941304684,2000,2000,,,,,
env_step,1016.0363442639991,3660000,430,0.010000000000000009,100000,3657493,1.675123221501708,2000,2000,,,,,
episode,1077.1223681469983,3669328,450,0.010000000000000009,100000,3666821,1.624132745459676,2000,2000,0.0,1091.8382167197988,440.6,468.48,1024
env_step,1081.5009463279985,3670000,452,0.010000000000000009,100000,3667493,1.5885701653659343,2000,2000,,,,,
env_step,1147.2756393280015,3680000,480,0.010000000000000009,100000,3677493,1.566534351438284,2000,2000,,,,,
episode,1196.3396677750006,3687457,500,0.010000000000000009,100000,3684950,1.5005756739228964,2000,2000,0.0,888.4248819244369,362.58,380.8,1024
env_step,1212.9993457770015,3690000,506,0.010000000000000009,100000,3687493,1.6101373889744282,2000,2000,,,,,
env_step,1278.5692360820012,3700000,531,0.010000000000000009,100000,3697493,1.5708195803761482,2000,2000,,,,,
episode,1325.5772858049986,3707136,550,0.010000000000000009,100000,3704629,1.6037795271277429,2000,2000,0.0,964.9354886575269,393.58,416.0,1024
env_step,1344.4624487320016,3710000,555,0.010000000000000009,100000,3707493,1.5828956899493933,2000,2000,,,,,
env_step,1410.0387131599982,3720000,578,0.010000000000000009,100000,3717493,1.53864681789279,2000,2000,,,,,
episode,1461.4460954229999,3727875,600,0.010000000000000009,100000,3725368,1.5874827922731638,2000,2000,0.0,1022.0381384894488,414.78,473.6,1024
env_step,1475.3722963960008,3730000,604,0.010000000000000009,100000,3727493,1.6461133781522512,2000,2000,,,,,
env_step,1540.8203314930015,3740000,627,0.010000000000000009,100000,3737493,1.5304352371692658,2000,2000,,,,,
episode,1594.7378917039987,3748265,650,0.010000000000000009,100000,3745758,1.5372904257178306,2000,2000,0.0,1005.8289006578977,407.8,435.2,1024
env_step,1606.0955028650005,3750000,653,0.010000000000000009,100000,3747493,1.5121782717406749,2000,2000,,,,,
env_step,1671.4481367169992,3760000,676,0.010000000000000009,100000,3757493,1.4899060470461845,2000,2000,,,,,
episode,1736.7703588739987,3769950,700,0.010000000000000009,100000,3767443,1.482797025859356,2000,2000,0.0,1074.1042511607693,433.7,482.56,1024
env_step,1737.0982624890003,3770000,700,0.010000000000000009,100000,3767493,1.4858404025882483,2000,2000,,,,,
env_step,1803.0266295279998,3780000,721,0.010000000000000009,100000,3777493,1.526803901642561,2000,2000,,,,,
env_step,1868.9157187719993,3790000,746,0.010000000000000009,100000,3787493,1.5309820286035538,2000,2000,,,,,
episode,1881.7196773970009,3791946,750,0.010000000000000009,100000,3789439,1.568007036432624,2000,2000,0.0,1089.5716234212184,439.92,483.84,1024
env_step,1934.3778536959999,3800000,771,0.010000000000000009,100000,3797493,1.5626843420416117,2000,2000,,,,,
env_step,2000.7548222819987,3810000,793,0.010000000000000009,100000,3807493,1.4829887258708476,2000,2000,,,,,
episode,2020.9726385599988,3813043,800,0.010000000000000009,100000,3810536,1.530162221699953,2000,2000,0.0,1047.0785582598903,421.94,453.12,1024
env_step,2066.8755926030008,3820000,816,0.010000000000000009,100000,3817493,1.598940366908908,2000,2000,,,,,
env_step,2132.735309370999,3830000,841,0.010000000000000009,100000,3827493,1.5977788830548525,2000,2000,,,,,
episode,2162.155447881998,3834451,850,0.010000000000000009,100000,3831944,1.5871216005384923,2000,2000,0.0,1057.334226512394,428.16,461.44,1024
env_step,2198.0018584420013,3840000,862,0.010000000000000009,100000,3837493,1.5107875502854586,2000,2000,,,,,
env_step,2262.2502693350016,3850000,884,0.010000000000000009,100000,3847493,1.5241061154603959,2000,2000,,,,,
episode,2303.7961281080006,3856494,900,0.010000000000000009,100000,3853987,1.5327384482175113,2000,2000,0.0,1092.029062133142,440.86,502.4,1024
env_step,2326.2117061970002,3860000,908,0.010000000000000009,100000,3857493,1.5188506372123958,2000,2000,,,,,
env_step,2390.5052333639997,3870000,936,0.010000000000000009,100000,3867493,1.5175973399728537,2000,2000,,,,,
episode,2424.344510191999,3875263,950,0.010000000000000009,100000,3872756,1.4934591397494077,2000,2000,0.0,922.2263693225643,375.38,418.56,1024
env_step,2454.753049121,3880000,962,0.010000000000000009,100000,3877493,1.4542171366512775,2000,2000,,,,,
env_step,2519.0591123059985,3890000,992,0.010000000000000009,100000,3887493,1.4314012186676264,2000,2000,,,,,
episode,2534.0344806619996,3892297,1000,0.010000000000000009,100000,3889790,1.473767132267356,2000,2000,0.0,831.2100144390334,340.68,362.24,1024
env_step,2583.963322359001,3900000,1018,0.010000000000000009,100000,3897493,1.3695630422085523,2000,2000,,,,,
env_step,2648.485894506999,3910000,1043,0.010000000000000009,100000,3907493,1.3757786685079336,2000,2000,,,,,
episode,2666.1293724929983,3912752,1050,0.010000000000000009,100000,3910245,1.3530294534116984,2000,2000,0.0,1010.2413411871162,409.1,439.04,1024
env_step,2712.9016873380006,3920000,1067,0.010000000000000009,100000,3917493,1.3259721777439117,2000,2000,,,,,
env_step,2777.643317388998,3930000,1087,0.010000000000000009,100000,3927493,1.3153458859175444,2000,2000,,,,,
episode,2804.7870970409986,3934179,1100,0.010000000000000009,100000,3931672,1.3719302806258202,2000,2000,0.0,1062.5882342500418,428.54,465.92,1024
env_step,2842.3333155810014,3940000,1112,0.010000000000000009,100000,3937493,1.3622038579434157,2000,2000,,,,,
env_step,2906.742697579999,3950000,1136,0.010000000000000009,100000,3947493,1.3645217461436987,2000,2000,,,,,
episode,2939.9573980769983,3955208,1150,0.010000000000000009,100000,3952701,1.354998429954052,2000,2000,0.0,1040.3825942980184,420.58,462.08,1024
env_step,2970.7659040439994,3960000,1163,0.010000000000000009,100000,3957493,1.3688659201413393,2000,2000,,,,,
env_step,3034.907719539,3970000,1192,0.010000000000000009,100000,3967493,1.3021846274584532,2000,2000,,,,,
episode,3055.9296625689985,3973272,1200,0.010000000000000009,100000,3970765,1.319598218858242,2000,2000,0.0,885.5700770864,361.28,375.04,1024
env_step,3099.7360267979984,3980000,1217,0.010000000000000009,100000,3977493,1.4006886692345142,2000,2000,,,,,
env_step,3163.885462731001,3990000,1246,0.010000000000000009,100000,3987493,1.42607895308733,2000,2000,,,,,
episode,3169.6072671579986,3990898,1250,0.010000000000000009,100000,3988391,1.4311582468897104,2000,2000,0.0,861.822093288385,352.52,344.32,1024
env_step,3228.1803516130003,4000000,1270,0.010000000000000009,100000,3997493,1.3508602397292853,2000,2000,,,,,
env_step,3292.2913485260015,4010000,1296,0.010000000000000009,100000,4007493,1.5142467344999313,2000,2000,,,,,
episode,3298.765808523998,4011002,1300,0.010000000000000009,100000,4008495,1.5034790932685136,2000,2000,0.0,995.0363544000669,402.08,424.96,1024
env_step,3357.0377426940013,4020000,1321,0.010000000000000009,100000,4017493,1.499002157136798,2000,2000,,,,,
env_step,3421.8160186219993,4030000,1347,0.010000000000000009,100000,4027493,1.52168607416749,2000,2000,,,,,
episode,3433.874118278998,4031837,1350,0.010000000000000009,100000,4029330,1.4922502526044845,2000,2000,0.0,1029.9510279941185,416.7,448.64,1024
env_step,3486.829150571999,4040000,1369,0.010000000000000009,100000,4037493,1.4513948873728513,2000,2000,,,,,
env_step,3551.936554736998,4050000,1395,0.010000000000000009,100000,4047493,1.433884358420968,2000,2000,,,,,
episode,3561.2813761220004,4051409,1400,0.010000000000000009,100000,4048902,1.4633625752031802,2000,2000,0.0,967.237617099435,391.44,407.04,1024
env_step,3618.4228681369987,4060000,1420,0.010000000000000009,100000,4057493,1.4508029516041279,2000,2000,,,,,
env_step,3684.313630961,4070000,1446,0.010000000000000009,100000,4067493,1.4738647722750902,2000,2000,,,,,
episode,3692.2137048060013,4071200,1450,0.010000000000000009,100000,4068693,1.4598034894317389,2000,2000,0.0,977.3907969697523,395.82,442.88,1024
env_step,3750.002771204001,4080000,1472,0.010000000000000009,100000,4077493,1.4979653789103031,2000,2000,,,,,
env_step,3815.2082510790005,4090000,1498,0.010000000000000009,100000,4087493,1.5425459047555923,2000,2000,,,,,
episode,3820.8230153950008,4090870,1500,0.010000000000000009,100000,4088363,1.5615012545436622,2000,2000,0.0,973.1231134708956,393.4,419.84,1024
env_step,3881.402931822,4100000,1526,0.010000000000000009,100000,4097493,1.5454336166530847,2000,2000,,,,,
episode,3937.9643340890016,4108660,1550,0.010000000000000009,100000,4106153,1.5169818208068608,2000,2000,0.0,874.3570008861759,355.8,384.0,1024
env_step,3946.658235992998,4110000,1553,0.010000000000000009,100000,4107493,1.533234822243452,2000,2000,,,,,
env_step,4012.782154309998,4120000,1576,0.010000000000000009,100000,4117493,1.5477270818054676,2000,2000,,,,,
episode,4077.182817603998,4129936,1600,0.010000000000000009,100000,4127429,1.5059454895853996,2000,2000,0.0,1054.8235715738558,425.52,458.24,1024
env_step,4077.612764986001,4130000,1600,0.010000000000000009,100000,4127493,1.509589309990406,2000,2000,,,,,
env_step,4142.628153850999,4140000,1624,0.010000000000000009,100000,4137493,1.5671939874142409,2000,2000,,,,,
env_step,4207.745779669998,4150000,1649,0.010000000000000009,100000,4147493,1.434015259385109,2000,2000,,,,,
episode,4208.699049057001,4150147,1650,0.010000000000000009,100000,4147640,1.4361287879645825,2000,2000,0.0,1000.7984634584046,404.22,435.2,1024
env_step,4273.593617398999,4160000,1675,0.010000000000000009,100000,4157493,1.4877720146030187,2000,2000,,,,,
env_step,4339.707779980001,4170000,1699,0.010000000000000009,100000,4167493,1.3685513263493776,2000,2000,,,,,
episode,4340.198076611001,4170072,1700,0.010000000000000009,100000,4167565,1.3622703273296357,2000,2000,0.0,986.957679029797,398.5,443.52,1024
env_step,4405.841476418,4180000,1719,0.010000000000000009,100000,4177493,1.330414774388075,2000,2000,,,,,
env_step,4472.2509899609995,4190000,1745,0.010000000000000009,100000,4187493,1.3486207280158997,2000,2000,,,,,
episode,4486.365105768999,4192122,1750,0.010000000000000009,100000,4189615,1.311197863906622,2000,2000,0.0,1096.8480198912057,441.0,465.92,1024
env_step,4538.889712719001,4200000,1765,0.010000000000000009,100000,4197493,1.2563851083517075,2000,2000,,,,,
env_step,4605.620360431001,4210000,1787,0.010000000000000009,100000,4207493,1.2728929511606693,2000,2000,,,,,
episode,4644.590781575998,4215818,1800,0.010000000000000009,100000,4213311,1.2707711848914622,2000,2000,2.0,1184.77106262934,473.92,540.16,2048
env_step,4672.5496108729985,4220000,1810,0.010000000000000009,100000,4217493,1.2160520431101323,2000,2000,,,,,
env_step,4739.1013066020005,4230000,1833,0.010000000000000009,100000,4227493,1.191077972665429,2000,2000,,,,,
episode,4789.384740642001,4237524,1850,0.010000000000000009,100000,4235017,1.2040304617285729,2000,2000,0.0,1078.456144717246,434.12,451.84,1024
env_step,4805.969407301998,4240000,1856,0.010000000000000009,100000,4237493,1.2601744884699584,2000,2000,,,,,
env_step,4873.028887307,4250000,1878,0.010000000000000009,100000,4247493,1.2442428020387888,2000,2000,,,,,
episode,4929.103686018001,4258383,1900,0.010000000000000009,100000,4255876,1.23058045335114,2000,2000,0.0,1032.7587548033582,417.18,444.16,1024
env_step,4939.788171942999,4260000,1902,0.010000000000000009,100000,4257493,1.2113472480773926,2000,2000,,,,,
env_step,5005.963503827001,4270000,1931,0.010000000000000009,100000,4267493,1.223807791262865,2000,2000,,,,,
episode,5050.523265313999,4276666,1950,0.010000000000000009,100000,4274159,1.2509709056466818,2000,2000,0.0,899.8329040540798,365.66,396.8,1024
env_step,5072.901032314001,4280000,1958,0.010000000000000009,100000,4277493,1.2258007031530143,2000,2000,,,,,
env_step,5139.036856331999,4290000,1980,0.010000000000000009,100000,4287493,1.2064077079445124,2000,2000,,,,,
episode,5183.178746035001,4296689,2000,0.010000000000000009,100000,4294182,1.2608648257702588,2000,2000,0.0,992.1796822970864,400.46,449.92,1024
env_step,5205.0913749480005,4300000,2008,0.010000000000000009,100000,4297493,1.2927188918590546,2000,2000,,,,,
env_step,59.73319891899882,4310000,27,0.010000000000000009,10000,4307366,1.095374900870025,2000,2000,,,,,
episode,97.18454479600041,4316247,50,0.010000000000000009,16247,4313613,1.1911219264417887,2000,2000,0.0,781.5194167921732,324.94,336.64,1024
env_step,119.7402926299983,4320000,63,0.010000000000000009,20000,4317366,1.320034170165658,2000,2000,,,,,
env_step,179.94006055899808,4330000,93,0.010000000000000009,30000,4327366,1.6916427210122347,2000,2000,,,,,
episode,194.91566570400028,4332472,100,0.010000000000000009,32472,4329838,1.76109799015522,2000,2000,0.0,786.5926034192734,324.5,342.4,1024
env_step,240.80872250299944,4340000,128,0.010000000000000009,40000,4337366,1.6890976092964411,2000,2000,,,,,
episode,286.429997878,4347393,150,0.010000000000000009,47393,4344759,1.767758811801672,2000,2000,0.0,715.7979817737744,298.42,303.36,512
env_step,302.4161850220007,4350000,157,0.010000000000000009,50000,4347366,1.778434845790267,2000,2000,,,,,
env_step,364.64627753400055,4360000,183,0.010000000000000009,60000,4357366,1.792177757963538,2000,2000,,,,,
episode,401.69503458799954,4365879,200,0.010000000000000009,65879,4363245,1.7913408865779639,2000,2000,0.0,905.6305091358357,369.72,353.28,1024
env_step,427.5098861769984,4370000,211,0.010000000000000009,70000,4367366,1.7640315837860108,2000,2000,,,,,
env_step,490.516990565,4380000,240,0.010000000000000009,80000,4377366,1.7630232013761997,2000,2000,,,,,
episode,510.198854743001,4383097,250,0.010000000000000009,83097,4380463,1.8898133744001389,2000,2000,0.0,839.3026795306184,344.36,357.12,1024
env_step,554.3169984579981,4390000,273,0.010000000000000009,90000,4387366,1.882339586406946,2000,2000,,,,,
episode,616.6788619600011,4399682,300,0.010000000000000009,99682,4397048,1.784041225016117,2000,2000,0.0,807.4960865464594,331.7,341.76,1024
env_step,618.7412758419996,4400000,302,0.010000000000000009,100000,4397366,1.7972547954618932,2000,2000,,,,,
env_step,683.6567013189997,4410000,337,0.010000000000000009,100000,4407366,1.9134672537744046,2000,2000,,,,,
episode,709.1768509799986,4413899,350,0.010000000000000009,100000,4411265,1.825306037053466,2000,2000,0.0,683.5482520856815,284.34,291.2,1024
env_step,748.9906313020001,4420000,367,0.010000000000000009,100000,4417366,1.8410038609206676,2000,2000,,,,,
env_step,815.2247444669993,4430000,397,0.010000000000000009,100000,4427366,1.864564661756158,2000,2000,,,,,
episode,819.1702029219996,4430600,400,0.010000000000000009,100000,4427966,1.872282926723361,2000,2000,0.0,814.5731419270013,334.02,349.44,512
env_step,881.6634785329989,4440000,424,0.010000000000000009,100000,4437366,1.892872038781643,2000,2000,,,,,
env_step,947.0836303939977,4450000,448,0.010000000000000009,100000,4447366,1.9678078979551792,2000,2000,,,,,
episode,952.5827396540008,4450827,450,0.010000000000000009,100000,4448193,1.947617091447115,2000,2000,0.0,999.5406062264004,404.54,428.8,1024
env_step,1012.4644278089982,4460000,473,0.010000000000000009,100000,4457366,1.8272882819324732,2000,2000,,,,,
env_step,1076.758153491999,4470000,493,0.010000000000000009,100000,4467366,1.744353818386793,2000,2000,,,,,
episode,1087.060024473998,4471609,500,0.010000000000000009,100000,4468975,1.6932094398289919,2000,2000,2.0,1029.4346051127793,415.64,436.48,2048
env_step,1141.1047346349987,4480000,520,0.010000000000000009,100000,4477366,1.6918114660829306,2000,2000,,,,,
env_step,1206.2628959449976,4490000,545,0.010000000000000009,100000,4487366,1.7150339624136686,2000,2000,,,,,
episode,1224.0902278920003,4492768,550,0.010000000000000009,100000,4490134,1.6575088706761598,2000,2000,0.0,1044.9395438958356,423.18,462.08,1024
env_step,1270.7862327069997,4500000,567,0.010000000000000009,100000,4497366,1.6910805156677962,2000,2000,,,,,
env_step,1335.3659191769984,4510000,592,0.010000000000000009,100000,4507366,1.5888893093317746,2000,2000,,,,,
episode,1353.9530350950008,4512883,600,0.010000000000000009,100000,4510249,1.5948700148761272,2000,2000,0.0,994.8179424219376,402.3,431.36,1024
env_step,1399.6521651939984,4520000,617,0.010000000000000009,100000,4517366,1.5475518454164268,2000,2000,,,,,
env_step,1463.867991995001,4530000,641,0.010000000000000009,100000,4527366,1.5395834509134292,2000,2000,,,,,
episode,1485.1219334300004,4533334,650,0.010000000000000009,100000,4530700,1.5428391529023648,2000,2000,0.0,1006.1649953579146,409.02,455.68,1024
env_step,1528.0153491089986,4540000,670,0.010000000000000009,100000,4537366,1.5252253324836493,2000,2000,,,,,
env_step,1592.5447742279976,4550000,698,0.010000000000000009,100000,4547366,1.5010611331760884,2000,2000,,,,,
episode,1595.9328010539975,4550530,700,0.010000000000000009,100000,4547896,1.5083180463165045,2000,2000,0.0,840.0615222060237,343.92,384.64,1024
env_step,1656.6800797249998,4560000,722,0.010000000000000009,100000,4557366,1.4044877571165562,2000,2000,,,,,
episode,1719.9091614399986,4569800,750,0.010000000000000009,100000,4567166,1.5311523477584124,2000,2000,0.0,953.1501900308381,385.4,401.92,1024
env_step,1721.2056870569977,4570000,750,0.010000000000000009,100000,4567366,1.528259970009327,2000,2000,,,,,
env_step,1785.684660013998,4580000,777,0.010000000000000009,100000,4577366,1.4389093023836612,2000,2000,,,,,
episode,1848.6459262829994,4589780,800,0.010000000000000009,100000,4587146,1.4495693564862013,2000,2000,0.0,988.4325371511762,399.6,450.56,1024
env_step,1850.0573431970006,4590000,800,0.010000000000000009,100000,4587366,1.4455761272758245,2000,2000,,,,,
env_step,1914.1448886639992,4600000,826,0.010000000000000009,100000,4597366,1.4541569204181433,2000,2000,,,,,
episode,1974.868414853001,4609497,850,0.010000000000000009,100000,4606863,1.436375079125166,2000,2000,0.0,972.6421733102044,394.34,442.88,1024
env_step,1978.1171897109998,4610000,851,0.010000000000000009,100000,4607366,1.4512424923330545,2000,2000,,,,,
env_step,2042.2838016739988,4620000,878,0.010000000000000009,100000,4617366,1.5338150301873683,2000,2000,,,,,
episode,2102.9997601680006,4629417,900,0.010000000000000009,100000,4626783,1.4111888563632966,2000,2000,0.0,986.2064150801779,398.4,427.52,1024
env_step,2106.7957599969995,4630000,901,0.010000000000000009,100000,4627366,1.4079575287997723,2000,2000,,,,,
env_step,2171.857711339999,4640000,929,0.010000000000000009,100000,4637366,1.4258959079533815,2000,2000,,,,,
episode,2224.2572966849984,4648020,950,0.010000000000000009,100000,4645386,1.4340608853548764,2000,2000,0.0,922.0749105714701,372.06,398.4,1024
env_step,2237.263054412,4650000,954,0.010000000000000009,100000,4647366,1.4331902924627065,2000,2000,,,,,
env_step,2303.1576640189996,4660000,980,0.010000000000000009,100000,4657366,1.3742573487609624,2000,2000,,,,,
episode,2358.481211464001,4668423,1000,0.010000000000000009,100000,4665789,1.3334492406696081,2000,2000,0.0,1010.9223898896571,408.06,407.04,1024
env_step,2368.8022705609983,4670000,1004,0.010000000000000009,100000,4667366,1.3666518659740687,2000,2000,,,,,
env_step,2434.019173438999,4680000,1031,0.010000000000000009,100000,4677366,1.4154770339876412,2000,2000,,,,,
episode,2483.8885196019983,4687527,1050,0.010000000000000009,100000,4684893,1.4356418054252862,2000,2000,0.0,946.7307283681833,382.08,428.8,1024
env_step,2499.9492663739984,4690000,1054,0.010000000000000009,100000,4687366,1.4209682336449623,2000,2000,,,,,
env_step,2565.636921679001,4700000,1079,0.010000000000000009,100000,4697366,1.4324342738240958,2000,2000,,,,,
episode,2617.3068848229996,4707829,1100,0.010000000000000009,100000,4705195,1.4300383152663707,2000,2000,0.0,1007.6645171887606,406.04,445.44,1024
env_step,2632.016305025998,4710000,1106,0.010000000000000009,100000,4707366,1.4376994840353727,2000,2000,,,,,
env_step,2697.547457064,4720000,1130,0.010000000000000009,100000,4717366,1.3246594487279653,2000,2000,,,,,
episode,2748.378655387998,4727919,1150,0.010000000000000009,100000,4725285,1.3211903133243323,2000,2000,0.0,993.4081369092205,401.8,417.28,1024
env_step,2762.45211011,4730000,1153,0.010000000000000009,100000,4727366,1.3529983968138695,2000,2000,,,,,
env_step,2827.446651505001,4740000,1177,0.010000000000000009,100000,4737366,1.3394507609158754,2000,2000,,,,,
episode,2880.755214908,4748171,1200,0.010000000000000009,100000,4745537,1.3772009733319281,2000,2000,0.0,1004.86984538447,405.04,428.8,1024
env_step,2892.6147061739975,4750000,1203,0.010000000000000009,100000,4747366,1.3840996898412705,2000,2000,,,,,
env_step,2957.079452711001,4760000,1229,0.010000000000000009,100000,4757366,1.417333987995982,2000,2000,,,,,
episode,3006.110838157998,4767525,1250,0.010000000000000009,100000,4764891,1.3831808367967606,2000,2000,0.0,957.1268020518229,387.08,418.56,1024
env_step,3022.045339302,4770000,1257,0.010000000000000009,100000,4767366,1.405873758763075,2000,2000,,,,,
env_step,3086.4957788539978,4780000,1283,0.010000000000000009,100000,4777366,1.4262247489988804,2000,2000,,,,,
episode,3130.543018256998,4786705,1300,0.010000000000000009,100000,4784071,1.3964656991064548,2000,2000,0.0,948.2857439573917,383.6,454.4,1024
env_step,3152.220157781998,4790000,1308,0.010000000000000009,100000,4787366,1.4198900233507157,2000,2000,,,,,
env_step,3218.679845521001,4800000,1329,0.010000000000000009,100000,4797366,1.404068154245615,2000,2000,,,,,
episode,3274.0702659060007,4808282,1350,0.010000000000000009,100000,4805648,1.464998220026493,2000,2000,0.0,1071.5628209464808,431.54,468.48,1024
env_step,3285.6611068029997,4810000,1353,0.010000000000000009,100000,4807366,1.4808379449993372,2000,2000,,,,,
env_step,3352.7894218260008,4820000,1379,0.010000000000000009,100000,4817366,1.399197435259819,2000,2000,,,,,
episode,3411.6636837250007,4828756,1400,0.010000000000000009,100000,4826122,1.4066460270881653,2000,2000,0.0,1018.3735059691005,409.48,419.84,1024
env_step,3420.015303177999,4830000,1401,0.010000000000000009,100000,4827366,1.4210979772210122,2000,2000,,,,,
env_step,3486.6788140770004,4840000,1423,0.010000000000000009,100000,4837366,1.3998328732997178,2000,2000,,,,,
env_step,3553.0409161909993,4850000,1445,0.010000000000000009,100000,4847366,1.3917925431132316,2000,2000,,,,,
episode,3569.2088872040003,4852451,1450,0.010000000000000009,100000,4849817,1.4335377001464367,2000,2000,0.0,1184.249959786797,473.9,515.84,1024
env_step,3619.341001910001,4860000,1468,0.010000000000000009,100000,4857366,1.3897080812305211,2000,2000,,,,,
env_step,3685.4995787410007,4870000,1493,0.010000000000000009,100000,4867366,1.4471846428513526,2000,2000,,,,,
episode,3697.7446721800006,4871853,1500,0.010000000000000009,100000,4869219,1.454599798887968,2000,2000,0.0,959.9371797081559,388.04,416.0,1024
env_step,3751.8038653839976,4880000,1520,0.010000000000000009,100000,4877366,1.5373573268502951,2000,2000,,,,,
env_step,3818.0707171309987,4890000,1543,0.010000000000000009,100000,4887366,1.4886464099436998,2000,2000,,,,,
episode,3845.3324642749976,4894111,1550,0.010000000000000009,100000,4891477,1.5309952713400126,2000,2000,0.0,1114.0412901901595,445.16,518.4,1024
env_step,3884.2886494429986,4900000,1564,0.010000000000000009,100000,4897366,1.5309035406708718,2000,2000,,,,,
env_step,3950.6221131229977,4910000,1591,0.010000000000000009,100000,4907366,1.55697959664464,2000,2000,,,,,
episode,3977.608181833999,4914055,1600,0.010000000000000009,100000,4911421,1.5979282768666745,2000,2000,0.0,985.4986458642022,398.88,426.88,1024
env_step,4017.272631183998,4920000,1613,0.010000000000000009,100000,4917366,1.6557018793523313,2000,2000,,,,,
env_step,4084.139834417998,4930000,1637,0.010000000000000009,100000,4927366,1.6547758894860745,2000,2000,,,,,
episode,4121.939002895,4935635,1650,0.010000000000000009,100000,4933001,1.604153361558914,2000,2000,0.0,1070.288304875032,431.6,492.8,1024
env_step,4151.344421742,4940000,1660,0.010000000000000009,100000,4937366,1.6263578408062458,2000,2000,,,,,
env_step,4218.794887181,4950000,1679,0.010000000000000009,100000,4947366,1.623615197494626,2000,2000,,,,,
episode,4275.154400749001,4958319,1700,0.010000000000000009,100000,4955685,1.616620930403471,2000,2000,0.0,1131.8795263373001,453.68,504.32,1024
env_step,4286.572303244,4960000,1705,0.010000000000000009,100000,4957366,1.5793166617155074,2000,2000,,,,,
env_step,4354.710726445999,4970000,1732,0.010000000000000009,100000,4967366,1.6847075973153114,2000,2000,,,,,
episode,4404.455651231998,4977362,1750,0.010000000000000009,100000,4974728,1.629791347950697,2000,2000,0.0,941.6863267171252,380.86,390.4,1024
env_step,4422.362145414001,4980000,1754,0.010000000000000009,100000,4977366,1.6896026747226716,2000,2000,,,,,
env_step,4490.2219182849985,4990000,1774,0.010000000000000009,100000,4987366,1.6206543443500996,2000,2000,,,,,
env_step,4557.520514308999,5000000,1799,0.010000000000000009,100000,4997366,1.5573612447232008,2000,2000,,,,,
episode,4558.884151825998,5000204,1800,0.010000000000000009,100000,4997570,1.5352057198733091,2000,2000,0.0,1140.7053541333194,456.84,517.12,1024
env_step,4624.831196774001,5010000,1822,0.010000000000000009,100000,5007366,1.4554438066035509,2000,2000,,,,,
env_step,4691.973982461001,5020000,1842,0.010000000000000009,100000,5017366,1.5011974037587643,2000,2000,,,,,
episode,4708.800349786001,5022537,1850,0.010000000000000009,100000,5019903,1.5451211585998534,2000,2000,0.0,1116.448615061207,446.66,484.48,1024
env_step,4758.269882659999,5030000,1866,0.010000000000000009,100000,5027366,1.5783043781369925,2000,2000,,,,,
env_step,4824.569144657999,5040000,1885,0.010000000000000009,100000,5037366,1.6440253108739853,2000,2000,,,,,
episode,4861.500858934,5045585,1900,0.010000000000000009,100000,5042951,1.6280395767986775,2000,2000,0.0,1153.7428700413664,460.96,496.64,1024
env_step,4891.058207974998,5050000,1909,0.010000000000000009,100000,5047366,1.6435578965842723,2000,2000,,,,,
env_step,4957.068933810999,5060000,1933,0.010000000000000009,100000,5057366,1.6572993841320276,2000,2000,,,,,
episode,5001.641434950001,5066757,1950,0.010000000000000009,100000,5064123,1.7100622274577617,2000,2000,0.0,1052.8720010377792,423.44,455.68,1024
env_step,5023.131416476001,5070000,1959,0.010000000000000009,100000,5067366,1.731741650298238,2000,2000,,,,,
env_step,5090.286120323999,5080000,1984,0.010000000000000009,100000,5077366,1.6034034250974656,2000,2000,,,,,
episode,5134.210079569999,5086670,2000,0.010000000000000009,100000,5084036,1.644352597862482,2000,2000,0.0,988.1427082956976,398.26,448.0,1024
env_step,5156.177813443999,5090000,2009,0.010000000000000009,100000,5087366,1.6317237420082091,2000,2000,,,,,
env_step,5222.512234386999,5100000,2036,0.010000000000000009,100000,5097366,1.6561416632831096,2000,2000,,,,,
env_step,60.6208174909998,5110000,32,0.010000000000000009,10000,5107239,1.694629698500037,2000,2000,,,,,
episode,90.43364716999986,5114828,50,0.010000000000000009,14828,5112067,1.5689253086149693,2000,2000,0.0,710.6260196306658,296.56,311.04,1024
env_step,121.72812213100042,5120000,64,0.010000000000000009,20000,5117239,1.532407169252634,2000,2000,,,,,
env_step,182.28044715600026,5130000,89,0.010000000000000009,30000,5127239,1.5078763336986303,2000,2000,,,,,
episode,203.7262162349998,5133539,100,0.010000000000000009,33539,5130778,1.498378762960434,2000,2000,0.0,916.9883024669523,374.22,394.24,1024
env_step,243.38200487500035,5140000,116,0.010000000000000009,40000,5137239,1.5443242403566837,2000,2000,,,,,
env_step,305.05978102100016,5150000,147,0.010000000000000009,50000,5147239,1.555809775814414,2000,2000,,,,,
episode,310.51121967400013,5150879,150,0.010000000000000009,50879,5148118,1.5834308243840933,2000,2000,0.0,849.1258234597404,346.8,391.68,1024
env_step,367.75767598899984,5160000,180,0.010000000000000009,60000,5157239,1.7474270841032267,2000,2000,,,,,
episode,420.4310527360003,5168381,200,0.010000000000000009,68381,5165620,1.7519165413826705,2000,2000,0.0,855.1397741881426,350.04,382.72,1024
env_step,430.693584265,5170000,204,0.010000000000000009,70000,5167239,1.7912751302719117,2000,2000,,,,,
env_step,494.16538644400043,5180000,232,0.010000000000000009,80000,5177239,1.7771890022456647,2000,2000,,,,,
episode,542.6568334960002,5187558,250,0.010000000000000009,87558,5184797,1.7221919145584106,2000,2000,0.0,942.9956035021855,383.54,385.28,1024
env_step,558.5585750379996,5190000,257,0.010000000000000009,90000,5187239,1.7316578366309405,2000,2000,,,,,
env_step,623.3409235910003,5200000,286,0.010000000000000009,100000,5197239,1.7525063876360656,2000,2000,,,,,
episode,650.8988726489997,5204214,300,0.010000000000000009,100000,5201453,1.739957986086607,2000,2000,0.0,814.7617561857128,333.12,363.52,1024
env_step,688.9676848839999,5210000,315,0.010000000000000009,100000,5207239,1.729999412626028,2000,2000,,,,,
env_step,754.8014287369997,5220000,343,0.010000000000000009,100000,5217239,1.7594138863682747,2000,2000,,,,,
episode,772.5817888780002,5222708,350,0.010000000000000009,100000,5219947,1.801390331581235,2000,2000,0.0,911.7002742311453,369.88,404.48,1024
env_step,820.6526711260003,5230000,368,0.010000000000000009,100000,5227239,1.805731978148222,2000,2000,,,,,
env_step,886.4489686320003,5240000,393,0.010000000000000009,100000,5237239,1.7601388743817805,2000,2000,,,,,
episode,905.8974798010004,5242943,400,0.010000000000000009,100000,5240182,1.8181322996914386,2000,2000,0.0,1000.6857526179899,404.7,463.36,1024
env_step,952.4572848240005,5250000,419,0.010000000000000009,100000,5247239,1.7134246161878108,2000,2000,,,,,
env_step,1018.7615300159996,5260000,444,0.010000000000000009,100000,5257239,1.6996701245605945,2000,2000,,,,,
episode,1034.6870752519999,5262393,450,0.010000000000000009,100000,5259632,1.7089883012920617,2000,2000,0.0,959.4515297977504,389.0,437.76,1024
env_step,1084.8634111239999,5270000,468,0.010000000000000009,100000,5267239,1.6925666262656451,2000,2000,,,,,
env_step,1150.9873203440002,5280000,493,0.010000000000000009,100000,5277239,1.6655759299248456,2000,2000,,,,,
episode,1162.6335758670002,5281765,500,0.010000000000000009,100000,5279004,1.6792032356262208,2000,2000,0.0,960.9901315489346,387.44,411.52,1024
env_step,1217.3185870630005,5290000,517,0.010000000000000009,100000,5287239,1.5352128711789848,2000,2000,,,,,
env_step,1282.9003914189998,5300000,541,0.010000000000000009,100000,5297239,1.5807597510963678,2000,2000,,,,,
episode,1301.5583545789996,5302826,550,0.010000000000000009,100000,5300065,1.5408217900246381,2000,2000,0.0,1047.241264360128,421.22,463.36,1024
env_step,1349.0163970249996,5310000,570,0.010000000000000009,100000,5307239,1.5371977851241827,2000,2000,,,,,
env_step,1415.3181218139998,5320000,591,0.010000000000000009,100000,5317239,1.4620813756883144,2000,2000,,,,,
episode,1445.1112779599998,5324518,600,0.010000000000000009,100000,5321757,1.4765530069619417,2000,2000,0.0,1079.872071515535,433.84,455.68,1024
env_step,1481.418289155,5330000,612,0.010000000000000009,100000,5327239,1.3998296228051186,2000,2000,,,,,
env_step,1547.0855888670003,5340000,636,0.010000000000000009,100000,5337239,1.3997645558714866,2000,2000,,,,,
episode,1582.4313888739998,5345389,650,0.010000000000000009,100000,5342628,1.4049318972229958,2000,2000,0.0,1041.4204383106583,417.42,439.04,1024
env_step,1612.8363733079996,5350000,662,0.010000000000000009,100000,5347239,1.332367942675948,2000,2000,,,,,
env_step,1678.6363051360004,5360000,684,0.010000000000000009,100000,5357239,1.3624430055618286,2000,2000,,,,,
episode,1716.7309573129996,5365792,700,0.010000000000000009,100000,5363031,1.373910730794072,2000,2000,0.0,1015.5829299601247,408.06,419.84,1024
env_step,1744.6725275050003,5370000,710,0.010000000000000009,100000,5367239,1.4809498909413814,2000,2000,,,,,
env_step,1811.0577191250004,5380000,733,0.010000000000000009,100000,5377239,1.4554890000224114,2000,2000,,,,,
episode,1857.844493349,5387063,750,0.010000000000000009,100000,5384302,1.4426565981060266,2000,2000,0.0,1058.9064841755448,425.42,468.48,1024
env_step,1877.3959840019998,5390000,757,0.010000000000000009,100000,5387239,1.4591700817644595,2000,2000,,,,,
env_step,1944.3113664909997,5400000,782,0.010000000000000009,100000,5397239,1.5014819621890783,2000,2000,,,,,
episode,1992.8192113470004,5407255,800,0.010000000000000009,100000,5404494,1.5007680358141662,2000,2000,0.0,1002.2858916629758,403.84,431.36,1024
env_step,2011.3204574279998,5410000,807,0.010000000000000009,100000,5407239,1.4620374499410391,2000,2000,,,,,
env_step,2078.47650506,5420000,830,0.010000000000000009,100000,5417239,1.398269073665142,2000,2000,,,,,
episode,2128.311715836,5427416,850,0.010000000000000009,100000,5424655,1.4174532177448274,2000,2000,0.0,1003.0966211970737,403.22,436.48,1024
env_step,2145.634562567,5430000,857,0.010000000000000009,100000,5427239,1.3845472867935895,2000,2000,,,,,
env_step,2212.433434689,5440000,885,0.010000000000000009,100000,5437239,1.379515566125512,2000,2000,,,,,
episode,2250.72971658,5445785,900,0.010000000000000009,100000,5443024,1.3387763940691948,2000,2000,0.0,906.4434990753557,367.38,392.96,1024
env_step,2278.944507639,5450000,912,0.010000000000000009,100000,5447239,1.3393942610025407,2000,2000,,,,,
env_step,2345.182740401,5460000,939,0.010000000000000009,100000,5457239,1.3812442185133695,2000,2000,,,,,
episode,2372.055807641,5464077,950,0.010000000000000009,100000,5461316,1.3533659981191157,2000,2000,0.0,902.3796720509064,365.84,396.8,1024
env_step,2411.316561482,5470000,963,0.010000000000000009,100000,5467239,1.3805755443423986,2000,2000,,,,,
env_step,2477.3412891629996,5480000,986,0.010000000000000009,100000,5477239,1.3514101073294877,2000,2000,,,,,
episode,2514.388166347,5485618,1000,0.010000000000000009,100000,5482857,1.3078440699726344,2000,2000,0.0,1074.5487390737333,430.82,468.48,1024
env_step,2543.2819229979996,5490000,1009,0.010000000000000009,100000,5487239,1.3540893195569514,2000,2000,,,,,
env_step,2609.0142983550004,5500000,1035,0.010000000000000009,100000,5497239,1.3561973889619112,2000,2000,,,,,
episode,2645.3528496930003,5505518,1050,0.010000000000000009,100000,5502757,1.3607879222780466,2000,2000,0.0,992.4664105730652,398.0,442.88,1024
env_step,2674.87487056,5510000,1061,0.010000000000000009,100000,5507239,1.3692751620858907,2000,2000,,,,,
env_step,2742.2721832320003,5520000,1087,0.010000000000000009,100000,5517239,1.4008903270810842,2000,2000,,,,,
episode,2773.924275317,5524725,1100,0.010000000000000009,100000,5521964,1.338172787234187,2000,2000,0.0,952.7297195792,384.14,427.52,1024
env_step,2809.2883226490003,5530000,1112,0.010000000000000009,100000,5527239,1.3266833387464285,2000,2000,,,,,
env_step,2876.5324637740005,5540000,1137,0.010000000000000009,100000,5537239,1.4193411227315664,2000,2000,,,,,
episode,2906.823009908,5544497,1150,0.010000000000000009,100000,5541736,1.3774028712511062,2000,2000,0.0,983.7732168251681,395.44,407.04,1024
env_step,2944.214456812,5550000,1165,0.010000000000000009,100000,5547239,1.3918448053598405,2000,2000,,,,,
env_step,3012.1214704739996,5560000,1187,0.010000000000000009,100000,5557239,1.4614907268583774,2000,2000,,,,,
episode,3044.7250150709997,5564795,1200,0.010000000000000009,100000,5562034,1.5714252645671367,2000,2000,0.0,1010.906792700369,405.96,414.72,1024
env_step,3079.9054246060005,5570000,1213,0.010000000000000009,100000,5567239,1.53245124591887,2000,2000,,,,,
env_step,3147.2667590869996,5580000,1239,0.010000000000000009,100000,5577239,1.5603556995093824,2000,2000,,,,,
episode,3183.0345805569996,5585301,1250,0.010000000000000009,100000,5582540,1.526854150518775,2000,2000,0.0,1018.7469178590285,410.12,426.24,1024
env_step,3214.855869663,5590000,1262,0.010000000000000009,100000,5587239,1.4929360185712577,2000,2000,,,,,
env_step,3281.76199729,5600000,1287,0.010000000000000009,100000,5597239,1.5107840933948755,2000,2000,,,,,
episode,3315.3678675439996,5605020,1300,0.010000000000000009,100000,5602259,1.4951527772247792,2000,2000,0.0,977.6472805242728,394.38,430.08,1024
env_step,3348.789340851,5610000,1311,0.010000000000000009,100000,5607239,1.5013001279979945,2000,2000,,,,,
env_step,3415.4889674550004,5620000,1334,0.010000000000000009,100000,5617239,1.53919277715683,2000,2000,,,,,
episode,3454.646873861,5625862,1350,0.010000000000000009,100000,5623101,1.5273047427386046,2000,2000,0.0,1042.2042782226363,416.84,414.72,1024
env_step,3482.0041655450004,5630000,1359,0.010000000000000009,100000,5627239,1.5311801524311304,2000,2000,,,,,
env_step,3547.9627214620004,5640000,1383,0.010000000000000009,100000,5637239,1.5007644054293632,2000,2000,,,,,
episode,3589.573215548,5646247,1400,0.010000000000000009,100000,5643486,1.4893748894631862,2000,2000,0.0,1014.0406778929255,407.7,459.52,1024
env_step,3614.5486965379996,5650000,1409,0.010000000000000009,100000,5647239,1.4441031262427568,2000,2000,,,,,
env_step,3680.717970662,5660000,1436,0.010000000000000009,100000,5657239,1.4505554655492305,2000,2000,,,,,
episode,3715.400404135,5665240,1450,0.010000000000000009,100000,5662479,1.4262093844264745,2000,2000,0.0,941.035161424314,379.86,414.72,1024
env_step,3746.729401832,5670000,1464,0.010000000000000009,100000,5667239,1.4303377168774605,2000,2000,,,,,
env_step,3813.0378397739996,5680000,1488,0.010000000000000009,100000,5677239,1.4529441312104463,2000,2000,,,,,
episode,3847.8638933740003,5685229,1500,0.010000000000000009,100000,5682468,1.4712101557701827,2000,2000,0.0,996.577887680283,399.78,432.64,1024
env_step,3879.628542706,5690000,1515,0.010000000000000009,100000,5687239,1.5097951627075672,2000,2000,,,,,
env_step,3946.594756706,5700000,1537,0.010000000000000009,100000,5697239,1.4709097346812487,2000,2000,,,,,
episode,3978.384232962,5704769,1550,0.010000000000000009,100000,5702008,1.498211136162281,2000,2000,0.0,968.588337297121,390.8,411.52,1024
env_step,4013.740026144,5710000,1560,0.010000000000000009,100000,5707239,1.5067835976183415,2000,2000,,,,,
env_step,4081.627589056,5720000,1583,0.010000000000000009,100000,5717239,1.5140155990272761,2000,2000,,,,,
episode,4132.103609605,5727512,1600,0.010000000000000009,100000,5724751,1.4862272525280713,2000,2000,0.0,1139.4724003332135,454.86,478.72,1024
env_step,4148.813762905999,5730000,1607,0.010000000000000009,100000,5727239,1.5167533467710017,2000,2000,,,,,
env_step,4216.1759493340005,5740000,1627,0.010000000000000009,100000,5737239,1.514926640123129,2000,2000,,,,,
episode,4280.961953114001,5749637,1650,0.010000000000000009,100000,5746876,1.4527098287045956,2000,2000,0.0,1103.7078005239598,442.5,444.8,1024
env_step,4283.448650056001,5750000,1651,0.010000000000000009,100000,5747239,1.4581861709356307,2000,2000,,,,,
env_step,4350.825283241999,5760000,1672,0.010000000000000009,100000,5757239,1.4829165439158678,2000,2000,,,,,
env_step,4418.094978628999,5770000,1695,0.010000000000000009,100000,5767239,1.388208417326212,2000,2000,,,,,
episode,4432.073343274999,5772077,1700,0.010000000000000009,100000,5769316,1.4008829993158578,2000,2000,0.0,1122.145746464751,448.8,486.4,1024
env_step,4485.235779336,5780000,1720,0.010000000000000009,100000,5777239,1.3790205633342265,2000,2000,,,,,
env_step,4552.386510200001,5790000,1745,0.010000000000000009,100000,5787239,1.3542707233726978,2000,2000,,,,,
episode,4565.0112473,5791887,1750,0.010000000000000009,100000,5789126,1.3823960228413343,2000,2000,0.0,987.5574613042903,396.2,409.6,1024
env_step,4619.425140861001,5800000,1772,0.010000000000000009,100000,5797239,1.4132038456946612,2000,2000,,,,,
env_step,4685.9766685330005,5810000,1797,0.010000000000000009,100000,5807239,1.3854381839334964,2000,2000,,,,,
episode,4694.013622003001,5811191,1800,0.010000000000000009,100000,5808430,1.4138236213475466,2000,2000,0.0,958.2122274118072,386.08,404.48,1024
env_step,4752.828814703999,5820000,1819,0.010000000000000009,100000,5817239,1.4643785846233368,2000,2000,,,,,
env_step,4818.765520370999,5830000,1842,0.010000000000000009,100000,5827239,1.3209111631214618,2000,2000,,,,,
episode,4840.032786225001,5833219,1850,0.010000000000000009,100000,5830458,1.3299323499500753,2000,2000,0.0,1103.793641708538,440.56,481.28,1024
env_step,4884.95250498,5840000,1867,0.010000000000000009,100000,5837239,1.4132239270955325,2000,2000,,,,,
env_step,4951.037737981999,5850000,1892,0.010000000000000009,100000,5847239,1.4962896250337363,2000,2000,,,,,
episode,4971.470338415001,5853108,1900,0.010000000000000009,100000,5850347,1.48388431301713,2000,2000,0.0,989.6713906047758,397.78,432.64,1024
env_step,5017.303243986001,5860000,1917,0.010000000000000009,100000,5857239,1.4993163341134788,2000,2000,,,,,
env_step,5083.818358129,5870000,1942,0.010000000000000009,100000,5867239,1.4441858616173266,2000,2000,,,,,
episode,5110.450068155001,5873955,1950,0.010000000000000009,100000,5871194,1.423302618741989,2000,2000,2.0,1046.813279808894,416.94,465.92,2048
env_step,5150.8798721680005,5880000,1962,0.010000000000000009,100000,5877239,1.4794654538035392,2000,2000,,,,,
env_step,5217.78712611,5890000,1987,0.010000000000000009,100000,5887239,1.4733488138020039,2000,2000,,,,,
episode,5260.7360810010005,5896383,2000,0.010000000000000009,100000,5893622,1.5171692229360343,2000,2000,0.0,1123.037232970617,448.56,486.4,1024
env_step,5285.050755743,5900000,2007,0.010000000000000009,100000,5897239,1.4501250837147235,2000,2000,,,,,
env_step,59.047217428000295,5910000,25,0.010000000000000009,10000,5907112,1.264078971415758,2000,2000,,,,,
episode,112.88534362000064,5919023,50,0.010000000000000009,19023,5916135,1.3212826185673476,2000,2000,0.0,940.7734353644177,380.46,377.6,1024
env_step,118.75157912600116,5920000,52,0.010000000000000009,20000,5917112,1.2761022681444882,2000,2000,,,,,
env_step,178.51665601599962,5930000,81,0.010000000000000009,30000,5927112,1.3125717111974955,2000,2000,,,,,
episode,220.15007168600096,5936890,100,0.010000000000000009,36890,5934002,1.4392354572415351,2000,2000,0.0,879.7478856093252,357.34,386.56,1024
env_step,238.93414112699975,5940000,108,0.010000000000000009,40000,5937112,1.4400596200525762,2000,2000,,,,,
env_step,300.2062359499996,5950000,137,0.010000000000000009,50000,5947112,1.5916841677874327,2000,2000,,,,,
episode,323.8478196870001,5953815,150,0.010000000000000009,53815,5950927,1.6544274042695761,2000,2000,0.0,828.051049061569,338.5,359.68,1024
env_step,362.2584419779996,5960000,167,0.010000000000000009,60000,5957112,1.7603213997632265,2000,2000,,,,,
episode,421.21606428199993,5969435,200,0.010000000000000009,69435,5966547,1.8678361867219209,2000,2000,0.0,760.2164967896034,312.4,320.0,1024
env_step,424.7377040730007,5970000,201,0.010000000000000009,70000,5967112,1.870782641813159,2000,2000,,,,,
env_step,487.8407298490001,5980000,230,0.010000000000000009,80000,5977112,1.9280768282711507,2000,2000,,,,,
episode,521.0777831659998,5985215,250,0.010000000000000009,85215,5982327,1.815184070199728,2000,2000,0.0,770.7076406523448,315.6,339.2,1024
env_step,551.8131143829996,5990000,262,0.010000000000000009,90000,5987112,1.8545078437924385,2000,2000,,,,,
env_step,616.4806687029995,6000000,294,0.010000000000000009,100000,5997112,1.8715759527534246,2000,2000,,,,,
episode,626.3418548040008,6001512,300,0.010000000000000009,100000,5998624,1.8090785722732543,2000,2000,0.0,797.6580458845684,325.94,330.24,1024
env_step,682.1704765539998,6010000,326,0.010000000000000009,100000,6007112,1.8475250832885504,2000,2000,,,,,
episode,732.6184227369995,6017665,350,0.010000000000000009,100000,6014777,1.81824694865942,2000,2000,0.0,791.0075644209128,323.06,349.44,1024
env_step,748.1386452509996,6020000,357,0.010000000000000009,100000,6017112,1.7960559600442647,2000,2000,,,,,
env_step,813.7965351880011,6030000,385,0.010000000000000009,100000,6027112,1.9044208713173867,2000,2000,,,,,
episode,852.7251810130001,6035862,400,0.010000000000000009,100000,6032974,1.8769172102957965,2000,2000,0.0,899.236952299529,363.94,358.4,1024
env_step,880.0398202720007,6040000,410,0.010000000000000009,100000,6037112,1.8405906003713608,2000,2000,,,,,
env_step,946.0442780940011,6050000,436,0.010000000000000009,100000,6047112,1.7886052717715502,2000,2000,,,,,
episode,978.6110716950006,6054980,450,0.010000000000000009,100000,6052092,1.7353836196511985,2000,2000,0.0,952.2675821316324,382.36,426.24,1024
env_step,1011.4591218660007,6060000,463,0.010000000000000009,100000,6057112,1.7272523791342973,2000,2000,,,,,
env_step,1077.0792835360007,6070000,485,0.010000000000000009,100000,6067112,1.6678103853017092,2000,2000,,,,,
episode,1112.7679448159997,6075458,500,0.010000000000000009,100000,6072570,1.63175250287354,2000,2000,0.0,1019.1224265688993,409.56,428.8,1024
env_step,1142.7278336729996,6080000,512,0.010000000000000009,100000,6077112,1.646995184496045,2000,2000,,,,,
env_step,1209.761496205001,6090000,535,0.010000000000000009,100000,6087112,1.6632000073343516,2000,2000,,,,,
episode,1246.5630702390008,6095581,550,0.010000000000000009,100000,6092693,1.6383276031911373,2000,2000,0.0,999.4029354664133,402.46,413.44,1024
env_step,1275.5963612100004,6100000,561,0.010000000000000009,100000,6097112,1.6362338199168445,2000,2000,,,,,
env_step,1341.146390887001,6110000,584,0.010000000000000009,100000,6107112,1.6117105814814567,2000,2000,,,,,
episode,1389.9264336260003,6117499,600,0.010000000000000009,100000,6114611,1.5810516035705804,2000,2000,0.0,1097.745656532344,438.36,468.48,1024
env_step,1406.2992936989995,6120000,605,0.010000000000000009,100000,6117112,1.5460302000790835,2000,2000,,,,,
env_step,1472.6215284279988,6130000,630,0.010000000000000009,100000,6127112,1.4939461621642112,2000,2000,,,,,
episode,1529.654435786002,6138713,650,0.010000000000000009,100000,6135825,1.4543255498558283,2000,2000,0.0,1059.994535230101,424.28,435.2,1024
env_step,1538.0947794879994,6140000,653,0.010000000000000009,100000,6137112,1.4626554448902607,2000,2000,,,,,
env_step,1604.7558502189986,6150000,676,0.010000000000000009,100000,6147112,1.4579944127947093,2000,2000,,,,,
episode,1665.9025630349988,6159342,700,0.010000000000000009,100000,6156454,1.4263392508924007,2000,2000,0.0,1031.8993094231662,412.58,444.16,1024
env_step,1670.192509884002,6160000,701,0.010000000000000009,100000,6157112,1.4244309106916189,2000,2000,,,,,
env_step,1735.2474529150004,6170000,722,0.010000000000000009,100000,6167112,1.4647663315087558,2000,2000,,,,,
env_step,1800.4419213490019,6180000,745,0.010000000000000009,100000,6177112,1.399304822847247,2000,2000,,,,,
episode,1813.754576215002,6182039,750,0.010000000000000009,100000,6179151,1.4225804535001516,2000,2000,0.0,1141.248621385765,453.94,500.48,1024
env_step,1865.896129142,6190000,770,0.010000000000000009,100000,6187112,1.4786295228451491,2000,2000,,,,,
env_step,1931.741645704,6200000,794,0.010000000000000009,100000,6197112,1.51127748785913,2000,2000,,,,,
episode,1950.3864086070007,6202815,800,0.010000000000000009,100000,6199927,1.562265457972884,2000,2000,0.0,1041.0869677920086,415.52,478.72,1024
env_step,1998.1885500709996,6210000,815,0.010000000000000009,100000,6207112,1.5764186622649432,2000,2000,,,,,
env_step,2065.1109751759996,6220000,837,0.010000000000000009,100000,6217112,1.5093399156033993,2000,2000,,,,,
episode,2102.156996011001,6225531,850,0.010000000000000009,100000,6222643,1.5074065896123647,2000,2000,0.0,1141.7197991361909,454.32,509.44,1024
env_step,2131.990493968,6230000,859,0.010000000000000009,100000,6227112,1.5685991196781397,2000,2000,,,,,
env_step,2199.3436176529995,6240000,881,0.010000000000000009,100000,6237112,1.5943465026915074,2000,2000,,,,,
episode,2248.582872142002,6247346,900,0.010000000000000009,100000,6244458,1.6419874054044485,2000,2000,0.0,1091.249428873516,436.3,459.52,1024
env_step,2266.459608559,6250000,905,0.010000000000000009,100000,6247112,1.6813865362107754,2000,2000,,,,,
env_step,2332.929653202,6260000,930,0.010000000000000009,100000,6257112,1.6739956565648317,2000,2000,,,,,
episode,2383.844252604,6267683,950,0.010000000000000009,100000,6264795,1.6988962235748768,2000,2000,0.0,1013.1739284214137,406.74,439.04,1024
env_step,2399.2198227729987,6270000,956,0.010000000000000009,100000,6267112,1.672300346046686,2000,2000,,,,,
env_step,2465.146233247002,6280000,984,0.010000000000000009,100000,6277112,1.613330359235406,2000,2000,,,,,
episode,2512.363374109,6287109,1000,0.010000000000000009,100000,6284221,1.6342094808965921,2000,2000,0.0,966.1696976095867,388.52,381.44,1024
env_step,2531.4615942379987,6290000,1006,0.010000000000000009,100000,6287112,1.6099037792384625,2000,2000,,,,,
env_step,2597.676590199999,6300000,1028,0.010000000000000009,100000,6297112,1.6108705492317676,2000,2000,,,,,
episode,2646.671828728,6307378,1050,0.010000000000000009,100000,6304490,1.6361437373161316,2000,2000,0.0,1013.6699427503088,405.38,410.88,1024
env_step,2663.9558094520016,6310000,1057,0.010000000000000009,100000,6307112,1.6604927404224872,2000,2000,,,,,
env_step,2730.306645243001,6320000,1080,0.010000000000000009,100000,6317112,1.6573597159981728,2000,2000,,,,,
episode,2793.384722184999,6329515,1100,0.010000000000000009,100000,6326627,1.6537276822030544,2000,2000,0.0,1111.9884840551213,442.74,473.6,1024
env_step,2796.6179773349995,6330000,1101,0.010000000000000009,100000,6327112,1.6403261655420065,2000,2000,,,,,
env_step,2862.9459493619997,6340000,1125,0.010000000000000009,100000,6337112,1.620966236293316,2000,2000,,,,,
episode,2928.9958155639997,6349877,1150,0.010000000000000009,100000,6346989,1.4960380892455578,2000,2000,0.0,1016.2460999071667,407.24,413.44,1024
env_step,2929.8370443559998,6350000,1150,0.010000000000000009,100000,6347112,1.4928928485512734,2000,2000,,,,,
env_step,2996.6832141309987,6360000,1170,0.010000000000000009,100000,6357112,1.5247654900550842,2000,2000,,,,,
env_step,3063.8525130260005,6370000,1192,0.010000000000000009,100000,6367112,1.4612551632523536,2000,2000,,,,,
episode,3087.740359297999,6373570,1200,0.010000000000000009,100000,6370682,1.5275532148182391,2000,2000,0.0,1193.38110651048,473.86,504.32,1024
env_step,3130.720192461,6380000,1216,0.010000000000000009,100000,6377112,1.5272404478937387,2000,2000,,,,,
env_step,3197.6946965670013,6390000,1241,0.010000000000000009,100000,6387112,1.478356460556388,2000,2000,,,,,
episode,3216.956067805999,6392911,1250,0.010000000000000009,100000,6390023,1.5189104782938958,2000,2000,0.0,962.4855343236945,386.82,395.52,1024
env_step,3263.973475514,6400000,1271,0.010000000000000009,100000,6397112,1.539949145913124,2000,2000,,,,,
env_step,3330.5524585250005,6410000,1292,0.010000000000000009,100000,6407112,1.5750891798585653,2000,2000,,,,,
episode,3352.507952967999,6413316,1300,0.010000000000000009,100000,6410428,1.5495749048292637,2000,2000,0.0,1016.4950891320369,408.1,431.36,1024
env_step,3396.8312227570004,6420000,1315,0.010000000000000009,100000,6417112,1.5801428993940354,2000,2000,,,,,
env_step,3463.3964371579987,6430000,1337,0.010000000000000009,100000,6427112,1.6000115210413932,2000,2000,,,,,
episode,3492.976061307001,6434478,1350,0.010000000000000009,100000,6431590,1.6627784363478422,2000,2000,0.0,1062.3272184881653,423.24,432.64,1024
env_step,3529.586870178,6440000,1364,0.010000000000000009,100000,6437112,1.6239393070042134,2000,2000,,,,,
env_step,3595.969662220001,6450000,1391,0.010000000000000009,100000,6447112,1.6562690634280444,2000,2000,,,,,
episode,3615.5903893490013,6452960,1400,0.010000000000000009,100000,6450072,1.67253358232975,2000,2000,0.0,915.0944750427494,369.64,417.28,1024
env_step,3662.302754931001,6460000,1418,0.010000000000000009,100000,6457112,1.7113222184181214,2000,2000,,,,,
env_step,3728.9730793910003,6470000,1440,0.010000000000000009,100000,6467112,1.781283791601658,2000,2000,,,,,
episode,3753.0035165419995,6473591,1450,0.010000000000000009,100000,6470703,1.743718080341816,2000,2000,0.0,1033.7157097475929,412.62,465.92,1024
env_step,3796.199390120999,6480000,1463,0.010000000000000009,100000,6477112,1.8062140674740077,2000,2000,,,,,
env_step,3863.5387971610016,6490000,1486,0.010000000000000009,100000,6487112,1.7555631764531137,2000,2000,,,,,
episode,3903.1667447320015,6495858,1500,0.010000000000000009,100000,6492970,1.696941570341587,2000,2000,0.0,1115.264759936486,445.34,467.2,1024
env_step,3931.144917996002,6500000,1511,0.010000000000000009,100000,6497112,1.7424775592982769,2000,2000,,,,,
env_step,3998.747500399999,6510000,1533,0.010000000000000009,100000,6507112,1.7468039944171905,2000,2000,,,,,
episode,4043.016107706999,6516499,1550,0.010000000000000009,100000,6513611,1.7773902361541987,2000,2000,0.0,1032.7271873156103,412.82,455.68,1024
env_step,4066.6614762949994,6520000,1558,0.010000000000000009,100000,6517112,1.7941169760376214,2000,2000,,,,,
env_step,4134.493051681,6530000,1581,0.010000000000000009,100000,6527112,1.8344485844373704,2000,2000,,,,,
episode,4192.016418433001,6538445,1600,0.010000000000000009,100000,6535557,1.791978855341673,2000,2000,0.0,1101.545671138751,438.92,454.4,1024
env_step,4202.575397340001,6540000,1604,0.010000000000000009,100000,6537112,1.7758161005973816,2000,2000,,,,,
env_step,4270.623142448001,6550000,1626,0.010000000000000009,100000,6547112,1.7316192349493504,2000,2000,,,,,
env_step,4338.126441120001,6560000,1643,0.010000000000000009,100000,6557112,1.7350026174783706,2000,2000,,,,,
episode,4358.981660699001,6563096,1650,0.010000000000000009,100000,6560208,1.743388863891363,2000,2000,0.0,1238.4106320453038,493.02,517.12,1024
env_step,4405.221059314999,6570000,1665,0.010000000000000009,100000,6567112,1.7068368590176106,2000,2000,,,,,
env_step,4472.008160535001,6580000,1690,0.010000000000000009,100000,6577112,1.6336091860830784,2000,2000,,,,,
episode,4500.152931040002,6584240,1700,0.010000000000000009,100000,6581352,1.6522768852114678,2000,2000,0.0,1056.5669253014266,422.88,448.0,1024
env_step,4538.2536566809995,6590000,1711,0.010000000000000009,100000,6587112,1.635527211457491,2000,2000,,,,,
env_step,4604.9229994530015,6600000,1736,0.010000000000000009,100000,6597112,1.6358922044634818,2000,2000,,,,,
episode,4645.090736821001,6606000,1750,0.010000000000000009,100000,6603112,1.6088024608045817,2000,2000,0.0,1089.2889612999,435.2,465.92,1024
env_step,4671.876337955999,6610000,1760,0.010000000000000009,100000,6607112,1.7051386954337358,2000,2000,,,,,
env_step,4738.382465845001,6620000,1784,0.010000000000000009,100000,6617112,1.6140578812807798,2000,2000,,,,,
episode,4784.677420409002,6626945,1800,0.010000000000000009,100000,6624057,1.5603553764671088,2000,2000,0.0,1049.1751857530044,418.9,465.92,1024
env_step,4805.100800677001,6630000,1807,0.010000000000000009,100000,6627112,1.506473486572504,2000,2000,,,,,
env_step,4872.208198091999,6640000,1834,0.010000000000000009,100000,6637112,1.4981028060019017,2000,2000,,,,,
episode,4920.183619820002,6647110,1850,0.010000000000000009,100000,6644222,1.4662002005726098,2000,2000,0.0,1009.4450117937685,403.3,426.24,1024
env_step,4939.735295960001,6650000,1857,0.010000000000000009,100000,6647112,1.4095350122749806,2000,2000,,,,,
env_step,5008.2320337149995,6660000,1881,0.010000000000000009,100000,6657112,1.498978483185172,2000,2000,,,,,
episode,5064.671730659002,6668289,1900,0.010000000000000009,100000,6665401,1.5036040910631419,2000,2000,0.0,1058.173615395598,423.58,436.48,1024
env_step,5076.264750258999,6670000,1905,0.010000000000000009,100000,6667112,1.502554016187787,2000,2000,,,,,
env_step,5143.644874986001,6680000,1928,0.010000000000000009,100000,6677112,1.4692978665530683,2000,2000,,,,,
episode,5208.719510296001,6689700,1950,0.010000000000000009,100000,6686812,1.441807680696249,2000,2000,0.0,1072.5564853941864,428.22,471.04,1024
env_step,5210.765373925,6690000,1950,0.010000000000000009,100000,6687112,1.4320061361044645,2000,2000,,,,,
env_step,5278.123120295002,6700000,1975,0.010000000000000009,100000,6697112,1.4225816580057145,2000,2000,,,,,
env_step,59.293045673999586,6710000,25,0.010000000000000009,10000,6706985,1.1029137167409062,2000,2000,,,,,
episode,112.49573202299871,6718857,50,0.010000000000000009,18857,6715842,1.2345860074460506,2000,2000,0.0,931.1786004275174,377.14,401.92,1024
env_step,119.3292800249983,6720000,53,0.010000000000000009,20000,6716985,1.2779897365272046,2000,2000,,,,,
env_step,179.86028639999859,6730000,76,0.010000000000000009,30000,6726985,1.3231175829321147,2000,2000,,,,,
env_step,240.75601395400008,6740000,99,0.010000000000000009,40000,6736985,1.3564037000685931,2000,2000,,,,,
episode,240.79208793499856,6740005,100,0.010000000000000009,40005,6736990,1.3532187093645334,2000,2000,0.0,1055.6647609991169,422.96,454.4,1024
env_step,301.9945229779987,6750000,126,0.010000000000000009,50000,6746985,1.3728877584040164,2000,2000,,,,,
episode,356.28335290700124,6758799,150,0.010000000000000009,58799,6755784,1.4467320631146432,2000,2000,0.0,930.2767470106443,375.88,407.04,1024
env_step,363.80728939099936,6760000,152,0.010000000000000009,60000,6756985,1.451158422857523,2000,2000,,,,,
env_step,426.3741963879984,6770000,178,0.010000000000000009,70000,6766985,1.4730951948016882,2000,2000,,,,,
episode,472.05412371999773,6777276,200,0.010000000000000009,77276,6774261,1.4840507657676936,2000,2000,0.0,913.4290745663387,369.54,408.32,1024
env_step,489.3473584969979,6780000,206,0.010000000000000009,80000,6776985,1.5049411298036575,2000,2000,,,,,
env_step,552.9622972329998,6790000,232,0.010000000000000009,90000,6786985,1.4523724682927133,2000,2000,,,,,
episode,596.9140851659977,6796812,250,0.010000000000000009,96812,6793797,1.4941113826781511,2000,2000,0.0,970.495470451277,390.72,421.12,1024
env_step,617.4751916059977,6800000,258,0.010000000000000009,100000,6796985,1.4925929030627012,2000,2000,,,,,
env_step,683.1346046459985,6810000,284,0.010000000000000009,100000,6806985,1.4786336376667022,2000,2000,,,,,
episode,718.5552941679998,6815375,300,0.010000000000000009,100000,6812360,1.5382182146161794,2000,2000,0.0,919.5121737498869,371.26,407.04,1024
env_step,748.9143197970006,6820000,310,0.010000000000000009,100000,6816985,1.564507589071989,2000,2000,,,,,
env_step,814.6258509020008,6830000,332,0.010000000000000009,100000,6826985,1.5519919604808092,2000,2000,,,,,
episode,866.7278926889994,6837957,350,0.010000000000000009,100000,6834942,1.5112668255716561,2000,2000,0.0,1131.3232146918951,451.64,463.36,1024
env_step,880.1286129569999,6840000,355,0.010000000000000009,100000,6836985,1.5714999757409096,2000,2000,,,,,
env_step,945.8197870609984,6850000,377,0.010000000000000009,100000,6846985,1.6387268030792475,2000,2000,,,,,
env_step,1011.295039476001,6860000,399,0.010000000000000009,100000,6856985,1.6320413438528776,2000,2000,,,,,
episode,1011.4990907579995,6860029,400,0.010000000000000009,100000,6857014,1.6310615917891265,2000,2000,0.0,1106.3201178065176,441.44,472.32,1024
env_step,1077.0066406309998,6870000,423,0.010000000000000009,100000,6866985,1.5714658708274365,2000,2000,,,,,
env_step,1142.8734685249983,6880000,444,0.010000000000000009,100000,6876985,1.570394455462694,2000,2000,,,,,
episode,1156.4155223310008,6882051,450,0.010000000000000009,100000,6879036,1.575407687574625,2000,2000,0.0,1108.0074851289437,440.44,471.04,1024
env_step,1208.8529916099978,6890000,469,0.010000000000000009,100000,6886985,1.5130542205870152,2000,2000,,,,,
env_step,1275.068495986001,6900000,491,0.010000000000000009,100000,6896985,1.5458826964050532,2000,2000,,,,,
episode,1304.6457344129994,6904463,500,0.010000000000000009,100000,6901448,1.5587067627161741,2000,2000,0.0,1125.0543600761398,448.24,505.6,1024
env_step,1341.5384259639977,6910000,510,0.010000000000000009,100000,6906985,1.536024619102478,2000,2000,,,,,
env_step,1408.4028415360008,6920000,532,0.010000000000000009,100000,6916985,1.5111963801085948,2000,2000,,,,,
episode,1454.6830995769997,6926942,550,0.010000000000000009,100000,6923927,1.501679892256856,2000,2000,0.0,1124.4147416064902,449.58,476.16,1024
env_step,1474.9224458079989,6930000,559,0.010000000000000009,100000,6926985,1.5021741491556169,2000,2000,,,,,
env_step,1541.2651496219987,6940000,580,0.010000000000000009,100000,6936985,1.5967614468932152,2000,2000,,,,,
episode,1604.168995396998,6949496,600,0.010000000000000009,100000,6946481,1.5988353562057018,2000,2000,2.0,1134.8877965975014,451.08,494.08,2048
env_step,1607.5242367739993,6950000,600,0.010000000000000009,100000,6946985,1.6211607092916966,2000,2000,,,,,
env_step,1673.417273395,6960000,622,0.010000000000000009,100000,6956985,1.6541581886708736,2000,2000,,,,,
env_step,1738.959476396998,6970000,645,0.010000000000000009,100000,6966985,1.6170475976616143,2000,2000,,,,,
episode,1754.1069034690008,6972310,650,0.010000000000000009,100000,6969295,1.7002118762135505,2000,2000,0.0,1144.1716349420665,456.28,495.36,1024
env_step,1804.8560561220002,6980000,669,0.010000000000000009,100000,6976985,1.7196433316916226,2000,2000,,,,,
env_step,1870.6232053719978,6990000,694,0.010000000000000009,100000,6986985,1.7249953805059195,2000,2000,,,,,
episode,1890.264348233999,6993008,700,0.010000000000000009,100000,6989993,1.714250218153,2000,2000,0.0,1030.2583946072477,413.96,422.4,1024
env_step,1936.2401659819989,7000000,713,0.010000000000000009,100000,6996985,1.7230545739233494,2000,2000,,,,,
env_step,2002.0793767260002,7010000,739,0.010000000000000009,100000,7006985,1.6104733644425868,2000,2000,,,,,
episode,2032.7761410909989,7014642,750,0.010000000000000009,100000,7011627,1.6622596476078033,2000,2000,0.0,1086.7858851503684,432.68,469.76,1024
env_step,2067.907653041999,7020000,761,0.010000000000000009,100000,7016985,1.639139403641224,2000,2000,,,,,
env_step,2133.3728485149986,7030000,786,0.010000000000000009,100000,7026985,1.6057412215322255,2000,2000,,,,,
episode,2179.4770720710003,7037081,800,0.010000000000000009,100000,7034066,1.5867134730815888,2000,2000,0.0,1130.4539868268432,448.78,491.52,1024
env_step,2198.511430155999,7040000,806,0.010000000000000009,100000,7036985,1.5359371091127396,2000,2000,,,,,
env_step,2264.0996636009986,7050000,828,0.010000000000000009,100000,7046985,1.552784728422761,2000,2000,,,,,
env_step,2329.8126070969993,7060000,848,0.010000000000000009,100000,7056985,1.4847280883044005,2000,2000,,,,,
episode,2333.5541602880003,7060569,850,0.010000000000000009,100000,7057554,1.4890270254015923,2000,2000,0.0,1186.9942742647584,469.76,496.64,1024
env_step,2395.140226722,7070000,866,0.010000000000000009,100000,7066985,1.422745678976178,2000,2000,,,,,
env_step,2460.5861005999977,7080000,889,0.010000000000000009,100000,7076985,1.3747941157221795,2000,2000,,,,,
episode,2485.515372097001,7083812,900,0.010000000000000009,100000,7080797,1.330462632536888,2000,2000,0.0,1168.0570136300933,464.86,508.16,1024
env_step,2525.695352030998,7090000,915,0.010000000000000009,100000,7086985,1.3594170121997595,2000,2000,,,,,
env_step,2591.3431464120004,7100000,937,0.010000000000000009,100000,7096985,1.3616955386102199,2000,2000,,,,,
episode,2636.260507597999,7106942,950,0.010000000000000009,100000,7103927,1.3156861779987812,2000,2000,0.0,1171.194009307862,462.6,477.44,1024
env_step,2655.9791375799978,7110000,957,0.010000000000000009,100000,7106985,1.342339770898223,2000,2000,,,,,
env_step,2720.9400487519997,7120000,976,0.010000000000000009,100000,7116985,1.3317487455159425,2000,2000,,,,,
env_step,2786.6369058579985,7130000,999,0.010000000000000009,100000,7126985,1.4055860497951507,2000,2000,,,,,
episode,2790.423127662998,7130591,1000,0.010000000000000009,100000,7127576,1.4307683030813931,2000,2000,2.0,1197.6233215606462,472.98,533.12,2048
env_step,2851.653883785999,7140000,1019,0.010000000000000009,100000,7136985,1.4546950751841068,2000,2000,,,,,
env_step,2916.7300274539994,7150000,1040,0.010000000000000009,100000,7146985,1.466066938892007,2000,2000,,,,,
episode,2943.511278670001,7154103,1050,0.010000000000000009,100000,7151088,1.460781429708004,2000,2000,0.0,1184.4384019730505,470.24,492.8,1024
env_step,2981.9203322979993,7160000,1065,0.010000000000000009,100000,7156985,1.4373736062943936,2000,2000,,,,,
env_step,3047.2007289169997,7170000,1087,0.010000000000000009,100000,7166985,1.4945926645100116,2000,2000,,,,,
episode,3087.9733896789985,7176136,1100,0.010000000000000009,100000,7173121,1.4242895369380713,2000,2000,0.0,1109.878949001901,440.66,463.36,1024
env_step,3113.557820135,7180000,1107,0.010000000000000009,100000,7176985,1.4468324594050646,2000,2000,,,,,
env_step,3180.052321551,7190000,1128,0.010000000000000009,100000,7186985,1.4291652951985598,2000,2000,,,,,
env_step,3246.558021566998,7200000,1149,0.010000000000000009,100000,7196985,1.542962386727333,2000,2000,,,,,
episode,3247.274397904999,7200109,1150,0.010000000000000009,100000,7197094,1.5291249428987503,2000,2000,0.0,1211.6648115325224,479.46,518.4,1024
env_step,3313.022982639999,7210000,1171,0.010000000000000009,100000,7206985,1.4416843355745077,2000,2000,,,,,
env_step,3379.936622205998,7220000,1192,0.010000000000000009,100000,7216985,1.4457245917767287,2000,2000,,,,,
episode,3409.574962789,7224477,1200,0.010000000000000009,100000,7221462,1.440612003132701,2000,2000,0.0,1227.2598883483395,487.36,491.52,1024
env_step,3446.102333649,7230000,1211,0.010000000000000009,100000,7226985,1.4118777484744787,2000,2000,,,,,
env_step,3511.9086648810007,7240000,1231,0.010000000000000009,100000,7236985,1.4681256314963103,2000,2000,,,,,
episode,3562.3924472069993,7247681,1250,0.010000000000000009,100000,7244666,1.4923875903189183,2000,2000,0.0,1167.853876870108,464.08,472.32,1024
env_step,3577.551895187,7250000,1253,0.010000000000000009,100000,7246985,1.5410010496228934,2000,2000,,,,,
env_step,3643.21966635,7260000,1278,0.010000000000000009,100000,7256985,1.4837617230266333,2000,2000,,,,,
episode,3708.051740215,7269965,1300,0.010000000000000009,100000,7266950,1.49742219735682,2000,2000,0.0,1121.945018963976,445.68,482.56,1024
env_step,3708.2827118960013,7270000,1300,0.010000000000000009,100000,7266985,1.499305212855339,2000,2000,,,,,
env_step,3773.3711241069977,7280000,1322,0.010000000000000009,100000,7276985,1.5340291065871716,2000,2000,,,,,
env_step,3838.913643707001,7290000,1342,0.010000000000000009,100000,7286985,1.5463377050310374,2000,2000,,,,,
episode,3854.8923152419993,7292453,1350,0.010000000000000009,100000,7289438,1.612562694579363,2000,2000,0.0,1131.5831961978413,449.76,471.04,1024
env_step,3904.049420896001,7300000,1367,0.010000000000000009,100000,7296985,1.639168903246522,2000,2000,,,,,
env_step,3969.7484763149987,7310000,1390,0.010000000000000009,100000,7306985,1.6969645891189575,2000,2000,,,,,
episode,4004.6154589689977,7315390,1400,0.010000000000000009,100000,7312375,1.7081523779481649,2000,2000,0.0,1158.1173368105224,458.74,464.0,1024
env_step,4034.6269118829987,7320000,1409,0.010000000000000009,100000,7316985,1.716142732053995,2000,2000,,,,,
env_step,4100.225808171999,7330000,1432,0.010000000000000009,100000,7326985,1.7551956463158132,2000,2000,,,,,
episode,4152.766355707001,7338038,1450,0.010000000000000009,100000,7335023,1.6963416128754616,2000,2000,0.0,1142.2952192925916,452.96,455.68,1024
env_step,4165.515478304998,7340000,1454,0.010000000000000009,100000,7336985,1.6749420730471611,2000,2000,,,,,
env_step,4230.931724557999,7350000,1475,0.010000000000000009,100000,7346985,1.6986800891011953,2000,2000,,,,,
env_step,4296.250706720999,7360000,1494,0.010000000000000009,100000,7356985,1.7392338488847017,2000,2000,,,,,
episode,4310.7044659409985,7362210,1500,0.010000000000000009,100000,7359195,1.7021478937864303,2000,2000,0.0,1219.5084499912812,483.44,542.72,1024
env_step,4362.130487636998,7370000,1516,0.010000000000000009,100000,7366985,1.6990343537330628,2000,2000,,,,,
env_step,4429.000896114001,7380000,1539,0.010000000000000009,100000,7376985,1.7057609777450562,2000,2000,,,,,
episode,4461.783501637998,7384544,1550,0.010000000000000009,100000,7381529,1.6831883673667907,2000,2000,0.0,1121.0302678535763,446.68,473.6,1024
env_step,4501.103384580001,7390000,1560,0.010000000000000009,100000,7386985,1.7347707665860652,2000,2000,,,,,
env_step,4569.902760574998,7400000,1584,0.010000000000000009,100000,7396985,1.6989196181595325,2000,2000,,,,,
episode,4615.444076658998,7406756,1600,0.010000000000000009,100000,7403741,1.7970069029033184,2000,2000,0.0,1111.2342799036023,444.24,492.8,1024
env_step,4636.91931908,7410000,1606,0.010000000000000009,100000,7406985,1.7993439846634864,2000,2000,,,,,
env_step,4703.030567567999,7420000,1628,0.010000000000000009,100000,7416985,1.7446515329629182,2000,2000,,,,,
episode,4767.079232062999,7429682,1650,0.010000000000000009,100000,7426667,1.7314093784093856,2000,2000,2.0,1157.0366487384667,458.52,510.72,2048
env_step,4769.276869609999,7430000,1651,0.010000000000000009,100000,7426985,1.7279897113740443,2000,2000,,,,,
env_step,4836.6172299969985,7440000,1675,0.010000000000000009,100000,7436985,1.707316392570734,2000,2000,,,,,
episode,4898.955712939998,7449531,1700,0.010000000000000009,100000,7446516,1.6668755733072758,2000,2000,0.0,989.416054875806,396.98,408.32,1024
env_step,4902.049891000999,7450000,1701,0.010000000000000009,100000,7446985,1.6774363031089305,2000,2000,,,,,
env_step,4968.133338354,7460000,1722,0.010000000000000009,100000,7456985,1.5836969761550426,2000,2000,,,,,
env_step,5033.879541232,7470000,1743,0.010000000000000009,100000,7466985,1.6190167173743248,2000,2000,,,,,
episode,5050.741705531,7472511,1750,0.010000000000000009,100000,7469496,1.604519479200244,2000,2000,0.0,1156.565624024187,459.6,491.52,1024
env_step,5099.722295429001,7480000,1767,0.010000000000000009,100000,7476985,1.554865586593747,2000,2000,,,,,
env_step,5164.7393229320005,7490000,1789,0.010000000000000009,100000,7486985,1.55038999556005,2000,2000,,,,,
episode,5197.330295188,7495024,1800,0.010000000000000009,100000,7492009,1.5858456911742687,2000,2000,0.0,1131.7055982724878,450.26,495.36,1024
env_step,5229.552373515999,7500000,1810,0.010000000000000009,100000,7496985,1.5643580836206674,2000,2000,,,,,
env_step,61.11343762600154,7510000,29,0.010000000000000009,10000,7506858,1.3472136448323726,2000,2000,,,,,
episode,107.67457602899958,7517596,50,0.010000000000000009,17596,7514454,1.444187124311924,2000,2000,0.0,867.2655360379862,351.92,339.84,512
env_step,122.6226466679982,7520000,58,0.010000000000000009,20000,7516858,1.4798465452045202,2000,2000,,,,,
env_step,184.7755205350004,7530000,85,0.010000000000000009,30000,7526858,1.5112267245054245,2000,2000,,,,,
episode,220.66806637099944,7535740,100,0.010000000000000009,35740,7532598,1.5184000807851552,2000,2000,0.0,899.4919397153963,362.88,366.08,512
env_step,247.35600448699915,7540000,110,0.010000000000000009,40000,7536858,1.5794353906214238,2000,2000,,,,,
env_step,58.33941570200113,7510000,24,0.010000000000000009,10000,7506858,1.2161142764985562,2000,2000,,,,,
episode,108.91424408299645,7518605,50,0.010000000000000009,18605,7515463,1.3482425104528666,2000,2000,0.0,921.3773054410611,372.1,392.96,1024
env_step,117.1483192730011,7520000,53,0.010000000000000009,20000,7516858,1.3584459935575723,2000,2000,,,,,
env_step,176.28791900199576,7530000,82,0.010000000000000009,30000,7526858,1.6267342610657216,2000,2000,,,,,
episode,215.7090999610009,7536609,100,0.010000000000000009,36609,7533467,1.6820023958683015,2000,2000,0.0,889.0008906322254,360.08,395.52,1024
env_step,236.05467838199547,7540000,108,0.010000000000000009,40000,7536858,1.6163805956840516,2000,2000,,,,,
env_step,296.419598319997,7550000,131,0.010000000000000009,50000,7546858,1.6122023683190345,2000,2000,,,,,
episode,336.07216479199997,7556528,150,0.010000000000000009,56528,7553386,1.633412514910102,2000,2000,0.0,991.3321356279225,398.38,416.0,1024
env_step,357.25781258799543,7560000,159,0.010000000000000009,60000,7556858,1.6336149602234364,2000,2000,,,,,
env_step,418.55742262199783,7570000,182,0.010000000000000009,70000,7566858,1.6861015468388796,2000,2000,,,,,
episode,465.81080430399743,7577624,200,0.010000000000000009,77624,7574482,1.7478741909265518,2000,2000,0.0,1057.7925566958718,421.92,455.68,1024
env_step,480.5732933899999,7580000,206,0.010000000000000009,80000,7576858,1.7192843733727932,2000,2000,,,,,
env_step,543.3671348689968,7590000,226,0.010000000000000009,90000,7586858,1.7689513504058123,2000,2000,,,,,
env_step,606.4704060219956,7600000,248,0.010000000000000009,100000,7596858,1.7190126682519913,2000,2000,,,,,
episode,609.8035058949972,7600521,250,0.010000000000000009,100000,7597379,1.7206278918981552,2000,2000,0.0,1146.092220131694,457.94,483.84,1024
env_step,670.6844803299973,7610000,268,0.010000000000000009,100000,7606858,1.8112325693368911,2000,2000,,,,,
env_step,735.1471499749969,7620000,291,0.010000000000000009,100000,7616858,1.889216742515564,2000,2000,,,,,
episode,765.9620961499968,7624749,300,0.010000000000000009,100000,7621607,1.8700628646612167,2000,2000,0.0,1219.184294587971,484.56,550.4,1024
env_step,800.5558897629962,7630000,310,0.010000000000000009,100000,7626858,1.8213695555627345,2000,2000,,,,,
env_step,865.361235878001,7640000,335,0.010000000000000009,100000,7636858,1.777959444373846,2000,2000,,,,,
episode,910.3005573569972,7646973,350,0.010000000000000009,100000,7643831,1.7115062445104121,2000,2000,0.0,1116.322510640171,444.48,445.44,1024
env_step,929.7280076809984,7650000,356,0.010000000000000009,100000,7646858,1.7018776540458203,2000,2000,,,,,
env_step,993.9386015209966,7660000,378,0.010000000000000009,100000,7656858,1.6146107545793056,2000,2000,,,,,
episode,1049.6407962509984,7668655,400,0.010000000000000009,100000,7665513,1.6121776358187199,2000,2000,0.0,1085.8925453221807,433.64,433.92,1024
env_step,1058.3417434119983,7670000,403,0.010000000000000009,100000,7666858,1.6386113376170397,2000,2000,,,,,
env_step,1122.2747854549962,7680000,425,0.010000000000000009,100000,7676858,1.563670658171177,2000,2000,,,,,
env_step,1186.0305422399979,7690000,447,0.010000000000000009,100000,7686858,1.6135462288856506,2000,2000,,,,,
episode,1192.744522449997,7691060,450,0.010000000000000009,100000,7687918,1.6443361443579196,2000,2000,0.0,1125.612507673448,448.1,478.72,1024
env_step,1250.6075273829993,7700000,472,0.010000000000000009,100000,7696858,1.6197091048508883,2000,2000,,,,,
